{"textures":{"0":"modelengine:entity/skeleton_warrior"},"elements":[{"from":[5.142857,5.714286,8.0],"to":[10.857143,8.0,8.0],"rotation":{"angle":0.0,"axis":"y","origin":[8.0,6.857143,8.0]},"faces":{"east":{"uv":[6.5,11.125,6.5,11.625],"rotation":0,"texture":"#0","tintindex":0},"south":{"uv":[6.375,0.0,5.125,0.5],"rotation":0,"texture":"#0","tintindex":0},"north":{"uv":[5.125,0.0,6.375,0.5],"rotation":0,"texture":"#0","tintindex":0},"west":{"uv":[6.625,11.125,6.625,11.625],"rotation":0,"texture":"#0","tintindex":0},"up":{"uv":[12.375,8.5,11.125,8.5],"rotation":0,"texture":"#0","tintindex":0},"down":{"uv":[12.375,8.625,11.125,8.625],"rotation":0,"texture":"#0","tintindex":0}}}],"display":{"head":{"translation":[0.0,-6.4,0.0],"scale":[4.0,4.0,4.0]}}}