{"textures":{"0":"modelengine:entity/skeleton_warrior"},"elements":[{"from":[5.142857,5.142857,8.0],"to":[10.857143,8.0,8.0],"rotation":{"angle":0.0,"axis":"y","origin":[8.0,6.5714283,8.0]},"faces":{"east":{"uv":[11.125,8.75,11.125,9.375],"rotation":0,"texture":"#0","tintindex":0},"south":{"uv":[2.0,3.75,3.25,4.375],"rotation":0,"texture":"#0","tintindex":0},"north":{"uv":[3.25,3.75,2.0,4.375],"rotation":0,"texture":"#0","tintindex":0},"west":{"uv":[9.125,11.125,9.125,11.75],"rotation":0,"texture":"#0","tintindex":0},"up":{"uv":[12.375,9.5,11.125,9.5],"rotation":0,"texture":"#0","tintindex":0},"down":{"uv":[12.375,9.625,11.125,9.625],"rotation":0,"texture":"#0","tintindex":0}}}],"display":{"head":{"translation":[0.0,-6.4,0.0],"scale":[4.0,4.0,4.0]}}}