{"textures":{"0":"modelengine:entity/skeleton_warrior"},"elements":[{"from":[7.1571426,7.98572,8.01096],"to":[8.842857,11.414291,9.725245],"rotation":{"angle":0.0,"axis":"y","origin":[8.0,9.7000065,8.868102]},"faces":{"east":{"uv":[7.875,2.125,8.25,2.875],"rotation":0,"texture":"#0","tintindex":0},"south":{"uv":[7.25,8.0,7.625,8.75],"rotation":0,"texture":"#0","tintindex":0},"north":{"uv":[7.75,7.625,8.125,8.375],"rotation":0,"texture":"#0","tintindex":0},"west":{"uv":[1.0,8.125,1.375,8.875],"rotation":0,"texture":"#0","tintindex":0},"up":{"uv":[9.875,7.25,9.5,6.875],"rotation":0,"texture":"#0","tintindex":0},"down":{"uv":[8.875,9.625,8.5,10.0],"rotation":0,"texture":"#0","tintindex":0}}},{"from":[7.142857,11.04278,7.857529],"to":[8.857143,12.185637,9.571815],"rotation":{"angle":-22.5,"axis":"x","origin":[8.0,11.614208,8.714672]},"faces":{"east":{"uv":[5.25,10.625,5.625,10.875],"rotation":0,"texture":"#0","tintindex":0},"south":{"uv":[6.75,10.625,7.125,10.875],"rotation":0,"texture":"#0","tintindex":0},"north":{"uv":[4.75,10.625,5.125,10.875],"rotation":0,"texture":"#0","tintindex":0},"west":{"uv":[7.25,10.625,7.625,10.875],"rotation":0,"texture":"#0","tintindex":0},"up":{"uv":[10.25,7.75,9.875,7.375],"rotation":0,"texture":"#0","tintindex":0},"down":{"uv":[10.125,9.875,9.75,10.25],"rotation":0,"texture":"#0","tintindex":0}}},{"from":[8.857143,9.842863,6.725245],"to":[11.142858,10.985721,6.725245],"rotation":{"angle":0.0,"axis":"y","origin":[10.0,10.414291,6.725245]},"faces":{"east":{"uv":[10.625,10.875,10.625,11.125],"rotation":0,"texture":"#0","tintindex":0},"south":{"uv":[10.75,1.25,10.25,1.5],"rotation":0,"texture":"#0","tintindex":0},"north":{"uv":[10.25,1.25,10.75,1.5],"rotation":0,"texture":"#0","tintindex":0},"west":{"uv":[10.75,10.875,10.75,11.125],"rotation":0,"texture":"#0","tintindex":0},"up":{"uv":[11.375,10.375,10.875,10.375],"rotation":0,"texture":"#0","tintindex":0},"down":{"uv":[11.375,10.875,10.875,10.875],"rotation":0,"texture":"#0","tintindex":0}}},{"from":[8.857143,8.128577,6.725245],"to":[11.714286,9.271435,6.725245],"rotation":{"angle":0.0,"axis":"y","origin":[10.285714,8.700006,6.725245]},"faces":{"east":{"uv":[4.0,11.0,4.0,11.25],"rotation":0,"texture":"#0","tintindex":0},"south":{"uv":[9.625,8.625,9.0,8.875],"rotation":0,"texture":"#0","tintindex":0},"north":{"uv":[9.0,8.625,9.625,8.875],"rotation":0,"texture":"#0","tintindex":0},"west":{"uv":[11.0,4.0,11.0,4.25],"rotation":0,"texture":"#0","tintindex":0},"up":{"uv":[11.625,2.875,11.0,2.875],"rotation":0,"texture":"#0","tintindex":0},"down":{"uv":[11.625,3.0,11.0,3.0],"rotation":0,"texture":"#0","tintindex":0}}},{"from":[4.285714,8.128577,6.725245],"to":[7.142857,9.271435,6.725245],"rotation":{"angle":0.0,"axis":"y","origin":[5.714286,8.700006,6.725245]},"faces":{"east":{"uv":[11.0,4.0,11.0,4.25],"rotation":0,"texture":"#0","tintindex":0},"south":{"uv":[9.0,8.625,9.625,8.875],"rotation":0,"texture":"#0","tintindex":0},"north":{"uv":[9.625,8.625,9.0,8.875],"rotation":0,"texture":"#0","tintindex":0},"west":{"uv":[4.0,11.0,4.0,11.25],"rotation":0,"texture":"#0","tintindex":0},"up":{"uv":[11.0,2.875,11.625,2.875],"rotation":0,"texture":"#0","tintindex":0},"down":{"uv":[11.0,3.0,11.625,3.0],"rotation":0,"texture":"#0","tintindex":0}}},{"from":[4.8571424,9.842863,6.725245],"to":[7.142857,10.985721,6.725245],"rotation":{"angle":0.0,"axis":"y","origin":[6.0,10.414291,6.725245]},"faces":{"east":{"uv":[10.75,10.875,10.75,11.125],"rotation":0,"texture":"#0","tintindex":0},"south":{"uv":[10.25,1.25,10.75,1.5],"rotation":0,"texture":"#0","tintindex":0},"north":{"uv":[10.75,1.25,10.25,1.5],"rotation":0,"texture":"#0","tintindex":0},"west":{"uv":[10.625,10.875,10.625,11.125],"rotation":0,"texture":"#0","tintindex":0},"up":{"uv":[10.875,10.375,11.375,10.375],"rotation":0,"texture":"#0","tintindex":0},"down":{"uv":[10.875,10.875,11.375,10.875],"rotation":0,"texture":"#0","tintindex":0}}},{"from":[4.8571424,9.842863,9.01096],"to":[7.142857,10.985721,9.01096],"rotation":{"angle":0.0,"axis":"y","origin":[6.0,10.414291,9.01096]},"faces":{"east":{"uv":[1.875,11.0,1.875,11.25],"rotation":0,"texture":"#0","tintindex":0},"south":{"uv":[5.25,10.25,4.75,10.5],"rotation":0,"texture":"#0","tintindex":0},"north":{"uv":[4.75,10.25,5.25,10.5],"rotation":0,"texture":"#0","tintindex":0},"west":{"uv":[1.75,11.0,1.75,11.25],"rotation":0,"texture":"#0","tintindex":0},"up":{"uv":[2.0,11.0,2.5,11.0],"rotation":0,"texture":"#0","tintindex":0},"down":{"uv":[11.0,2.25,11.5,2.25],"rotation":0,"texture":"#0","tintindex":0}}},{"from":[4.285714,8.128577,9.01096],"to":[7.142857,9.271435,9.01096],"rotation":{"angle":0.0,"axis":"y","origin":[5.714286,8.700006,9.01096]},"faces":{"east":{"uv":[2.625,11.0,2.625,11.25],"rotation":0,"texture":"#0","tintindex":0},"south":{"uv":[9.625,8.25,9.0,8.5],"rotation":0,"texture":"#0","tintindex":0},"north":{"uv":[9.0,8.25,9.625,8.5],"rotation":0,"texture":"#0","tintindex":0},"west":{"uv":[11.0,2.375,11.0,2.625],"rotation":0,"texture":"#0","tintindex":0},"up":{"uv":[2.75,11.0,3.375,11.0],"rotation":0,"texture":"#0","tintindex":0},"down":{"uv":[11.0,2.75,11.625,2.75],"rotation":0,"texture":"#0","tintindex":0}}},{"from":[8.857143,8.128577,9.01096],"to":[11.714286,9.271435,9.01096],"rotation":{"angle":0.0,"axis":"y","origin":[10.285714,8.700006,9.01096]},"faces":{"east":{"uv":[11.0,2.375,11.0,2.625],"rotation":0,"texture":"#0","tintindex":0},"south":{"uv":[9.0,8.25,9.625,8.5],"rotation":0,"texture":"#0","tintindex":0},"north":{"uv":[9.625,8.25,9.0,8.5],"rotation":0,"texture":"#0","tintindex":0},"west":{"uv":[2.625,11.0,2.625,11.25],"rotation":0,"texture":"#0","tintindex":0},"up":{"uv":[3.375,11.0,2.75,11.0],"rotation":0,"texture":"#0","tintindex":0},"down":{"uv":[11.625,2.75,11.0,2.75],"rotation":0,"texture":"#0","tintindex":0}}},{"from":[8.857143,9.842863,9.01096],"to":[11.142858,10.985721,9.01096],"rotation":{"angle":0.0,"axis":"y","origin":[10.0,10.414291,9.01096]},"faces":{"east":{"uv":[1.75,11.0,1.75,11.25],"rotation":0,"texture":"#0","tintindex":0},"south":{"uv":[4.75,10.25,5.25,10.5],"rotation":0,"texture":"#0","tintindex":0},"north":{"uv":[5.25,10.25,4.75,10.5],"rotation":0,"texture":"#0","tintindex":0},"west":{"uv":[1.875,11.0,1.875,11.25],"rotation":0,"texture":"#0","tintindex":0},"up":{"uv":[2.5,11.0,2.0,11.0],"rotation":0,"texture":"#0","tintindex":0},"down":{"uv":[11.5,2.25,11.0,2.25],"rotation":0,"texture":"#0","tintindex":0}}},{"from":[11.142858,9.842863,6.725245],"to":[11.142858,10.985721,9.01096],"rotation":{"angle":0.0,"axis":"y","origin":[11.142858,10.414291,7.868102]},"faces":{"east":{"uv":[2.875,10.25,3.375,10.5],"rotation":0,"texture":"#0","tintindex":0},"south":{"uv":[0.125,11.0,0.125,11.25],"rotation":0,"texture":"#0","tintindex":0},"north":{"uv":[0.0,11.0,0.0,11.25],"rotation":0,"texture":"#0","tintindex":0},"west":{"uv":[3.375,10.25,2.875,10.5],"rotation":0,"texture":"#0","tintindex":0},"up":{"uv":[0.25,11.5,0.25,11.0],"rotation":0,"texture":"#0","tintindex":0},"down":{"uv":[11.0,1.625,11.0,2.125],"rotation":0,"texture":"#0","tintindex":0}}},{"from":[11.714286,8.128577,6.725245],"to":[11.714286,9.271435,9.01096],"rotation":{"angle":0.0,"axis":"y","origin":[11.714286,8.700006,7.868102]},"faces":{"east":{"uv":[5.375,10.25,5.875,10.5],"rotation":0,"texture":"#0","tintindex":0},"south":{"uv":[3.625,11.0,3.625,11.25],"rotation":0,"texture":"#0","tintindex":0},"north":{"uv":[3.5,11.0,3.5,11.25],"rotation":0,"texture":"#0","tintindex":0},"west":{"uv":[5.875,10.25,5.375,10.5],"rotation":0,"texture":"#0","tintindex":0},"up":{"uv":[3.75,11.5,3.75,11.0],"rotation":0,"texture":"#0","tintindex":0},"down":{"uv":[3.875,11.0,3.875,11.5],"rotation":0,"texture":"#0","tintindex":0}}},{"from":[4.285714,8.128577,6.725245],"to":[4.285714,9.271435,9.01096],"rotation":{"angle":0.0,"axis":"y","origin":[4.285714,8.700006,7.868102]},"faces":{"east":{"uv":[5.375,10.25,5.875,10.5],"rotation":0,"texture":"#0","tintindex":0},"south":{"uv":[3.625,11.0,3.625,11.25],"rotation":0,"texture":"#0","tintindex":0},"north":{"uv":[3.5,11.0,3.5,11.25],"rotation":0,"texture":"#0","tintindex":0},"west":{"uv":[5.875,10.25,5.375,10.5],"rotation":0,"texture":"#0","tintindex":0},"up":{"uv":[3.75,11.5,3.75,11.0],"rotation":0,"texture":"#0","tintindex":0},"down":{"uv":[3.875,11.0,3.875,11.5],"rotation":0,"texture":"#0","tintindex":0}}},{"from":[4.8571424,9.842863,6.725245],"to":[4.8571424,10.985721,9.01096],"rotation":{"angle":0.0,"axis":"y","origin":[4.8571424,10.414291,7.868102]},"faces":{"east":{"uv":[2.875,10.25,3.375,10.5],"rotation":0,"texture":"#0","tintindex":0},"south":{"uv":[0.125,11.0,0.125,11.25],"rotation":0,"texture":"#0","tintindex":0},"north":{"uv":[0.0,11.0,0.0,11.25],"rotation":0,"texture":"#0","tintindex":0},"west":{"uv":[3.375,10.25,2.875,10.5],"rotation":0,"texture":"#0","tintindex":0},"up":{"uv":[0.25,11.5,0.25,11.0],"rotation":0,"texture":"#0","tintindex":0},"down":{"uv":[11.0,1.625,11.0,2.125],"rotation":0,"texture":"#0","tintindex":0}}}],"display":{"head":{"translation":[0.0,-6.4,0.0],"scale":[4.0,4.0,4.0]}}}