{"textures":{"0":"modelengine:entity/skeleton_warrior"},"elements":[{"from":[5.142857,5.8136454,7.647248],"to":[10.857143,8.0993595,7.647248],"rotation":{"angle":22.5,"axis":"x","origin":[8.0,6.9565024,7.647248]},"faces":{"east":{"uv":[6.0,11.125,6.0,11.625],"rotation":0,"texture":"#0","tintindex":0},"south":{"uv":[6.375,0.0,5.125,0.5],"rotation":0,"texture":"#0","tintindex":0},"north":{"uv":[5.125,0.0,6.375,0.5],"rotation":0,"texture":"#0","tintindex":0},"west":{"uv":[6.125,11.125,6.125,11.625],"rotation":0,"texture":"#0","tintindex":0},"up":{"uv":[12.375,2.125,11.125,2.125],"rotation":0,"texture":"#0","tintindex":0},"down":{"uv":[9.0,11.125,7.75,11.125],"rotation":0,"texture":"#0","tintindex":0}}}],"display":{"head":{"translation":[0.0,-6.4,0.0],"scale":[4.0,4.0,4.0]}}}