{"textures":{"0":"modelengine:entity/skeleton_warrior"},"elements":[{"from":[5.142857,5.142857,8.0],"to":[10.857143,8.0,8.0],"rotation":{"angle":0.0,"axis":"y","origin":[8.0,6.5714283,8.0]},"faces":{"east":{"uv":[6.25,11.125,6.25,11.75],"rotation":0,"texture":"#0","tintindex":0},"south":{"uv":[3.25,3.75,2.0,4.375],"rotation":0,"texture":"#0","tintindex":0},"north":{"uv":[2.0,3.75,3.25,4.375],"rotation":0,"texture":"#0","tintindex":0},"west":{"uv":[6.375,11.125,6.375,11.75],"rotation":0,"texture":"#0","tintindex":0},"up":{"uv":[12.375,8.25,11.125,8.25],"rotation":0,"texture":"#0","tintindex":0},"down":{"uv":[12.375,8.375,11.125,8.375],"rotation":0,"texture":"#0","tintindex":0}}}],"display":{"head":{"translation":[0.0,-6.4,0.0],"scale":[4.0,4.0,4.0]}}}