{"textures":{"0":"modelengine:entity/skeleton_warrior"},"elements":[{"from":[5.714286,9.3492985,3.9173727],"to":[10.285714,12.777869,8.488802],"rotation":{"angle":0.0,"axis":"y","origin":[8.0,11.063583,6.2030873]},"faces":{"east":{"uv":[3.125,4.5,4.125,5.25],"rotation":0,"texture":"#0","tintindex":0},"south":{"uv":[4.25,4.5,5.25,5.25],"rotation":0,"texture":"#0","tintindex":0},"north":{"uv":[2.0,4.5,3.0,5.25],"rotation":0,"texture":"#0","tintindex":0},"west":{"uv":[0.0,4.75,1.0,5.5],"rotation":0,"texture":"#0","tintindex":0},"up":{"uv":[4.25,2.5,3.25,1.5],"rotation":0,"texture":"#0","tintindex":0},"down":{"uv":[4.25,2.625,3.25,3.625],"rotation":0,"texture":"#0","tintindex":0}}},{"from":[8.857143,8.777869,3.9173727],"to":[9.428572,9.3492985,3.9173727],"rotation":{"angle":0.0,"axis":"y","origin":[9.142858,9.063583,3.9173727]},"faces":{"east":{"uv":[2.25,8.125,2.25,8.25],"rotation":0,"texture":"#0","tintindex":0},"south":{"uv":[7.625,9.25,7.5,9.375],"rotation":0,"texture":"#0","tintindex":0},"north":{"uv":[7.5,9.25,7.625,9.375],"rotation":0,"texture":"#0","tintindex":0},"west":{"uv":[8.125,8.5,8.125,8.625],"rotation":0,"texture":"#0","tintindex":0},"up":{"uv":[6.375,5.25,6.25,5.25],"rotation":0,"texture":"#0","tintindex":0},"down":{"uv":[6.625,1.125,6.5,1.125],"rotation":0,"texture":"#0","tintindex":0}}},{"from":[6.5714283,8.777869,3.9173727],"to":[7.142857,9.3492985,3.9173727],"rotation":{"angle":0.0,"axis":"y","origin":[6.857143,9.063583,3.9173727]},"faces":{"east":{"uv":[8.125,8.5,8.125,8.625],"rotation":0,"texture":"#0","tintindex":0},"south":{"uv":[7.5,9.25,7.625,9.375],"rotation":0,"texture":"#0","tintindex":0},"north":{"uv":[7.625,9.25,7.5,9.375],"rotation":0,"texture":"#0","tintindex":0},"west":{"uv":[2.25,8.125,2.25,8.25],"rotation":0,"texture":"#0","tintindex":0},"up":{"uv":[6.25,5.25,6.375,5.25],"rotation":0,"texture":"#0","tintindex":0},"down":{"uv":[6.5,1.125,6.625,1.125],"rotation":0,"texture":"#0","tintindex":0}}}],"display":{"head":{"translation":[0.0,-6.4,0.0],"scale":[4.0,4.0,4.0]}}}