{"textures":{"0":"modelengine:entity/skeleton_warrior"},"elements":[{"from":[6.0,5.669732,4.0362425],"to":[10.0,7.384018,8.607671],"rotation":{"angle":-22.5,"axis":"x","origin":[8.0,6.526875,6.3219566]},"faces":{"east":{"uv":[5.75,2.5,6.75,2.875],"rotation":0,"texture":"#0","tintindex":0},"south":{"uv":[7.25,1.625,8.125,2.0],"rotation":0,"texture":"#0","tintindex":0},"north":{"uv":[7.25,1.125,8.125,1.5],"rotation":0,"texture":"#0","tintindex":0},"west":{"uv":[6.0,3.625,7.0,4.0],"rotation":0,"texture":"#0","tintindex":0},"up":{"uv":[0.875,4.625,0.0,3.625],"rotation":0,"texture":"#0","tintindex":0},"down":{"uv":[1.875,3.625,1.0,4.625],"rotation":0,"texture":"#0","tintindex":0}}},{"from":[9.428572,6.4223185,3.7728791],"to":[10.0,6.9937468,3.7728791],"rotation":{"angle":-22.5,"axis":"x","origin":[9.714286,6.7080326,3.7728791]},"faces":{"east":{"uv":[1.0,5.625,1.0,5.75],"rotation":0,"texture":"#0","tintindex":0},"south":{"uv":[7.5,3.125,7.375,3.25],"rotation":0,"texture":"#0","tintindex":0},"north":{"uv":[7.375,3.125,7.5,3.25],"rotation":0,"texture":"#0","tintindex":0},"west":{"uv":[6.75,2.25,6.75,2.375],"rotation":0,"texture":"#0","tintindex":0},"up":{"uv":[2.625,3.625,2.5,3.625],"rotation":0,"texture":"#0","tintindex":0},"down":{"uv":[2.875,3.625,2.75,3.625],"rotation":0,"texture":"#0","tintindex":0}}},{"from":[7.428571,6.4223185,3.7728791],"to":[8.571428,6.9937468,3.7728791],"rotation":{"angle":-22.5,"axis":"x","origin":[8.0,6.7080326,3.7728791]},"faces":{"east":{"uv":[7.125,3.375,7.125,3.5],"rotation":0,"texture":"#0","tintindex":0},"south":{"uv":[5.375,1.25,5.125,1.375],"rotation":0,"texture":"#0","tintindex":0},"north":{"uv":[5.125,1.25,5.375,1.375],"rotation":0,"texture":"#0","tintindex":0},"west":{"uv":[7.125,3.625,7.125,3.75],"rotation":0,"texture":"#0","tintindex":0},"up":{"uv":[1.375,5.25,1.125,5.25],"rotation":0,"texture":"#0","tintindex":0},"down":{"uv":[1.75,5.25,1.5,5.25],"rotation":0,"texture":"#0","tintindex":0}}},{"from":[10.0,6.5316563,3.7511306],"to":[10.0,7.103085,4.3225594],"rotation":{"angle":-22.5,"axis":"x","origin":[10.0,6.8173704,4.036845]},"faces":{"east":{"uv":[10.625,3.125,10.75,3.25],"rotation":0,"texture":"#0","tintindex":0},"south":{"uv":[2.125,10.375,2.125,10.5],"rotation":0,"texture":"#0","tintindex":0},"north":{"uv":[0.375,10.375,0.375,10.5],"rotation":0,"texture":"#0","tintindex":0},"west":{"uv":[10.75,3.125,10.625,3.25],"rotation":0,"texture":"#0","tintindex":0},"up":{"uv":[9.25,10.625,9.25,10.5],"rotation":0,"texture":"#0","tintindex":0},"down":{"uv":[5.5,11.125,5.5,11.25],"rotation":0,"texture":"#0","tintindex":0}}},{"from":[6.0,6.4223185,3.7728791],"to":[6.5714283,6.9937468,3.7728791],"rotation":{"angle":-22.5,"axis":"x","origin":[6.285714,6.7080326,3.7728791]},"faces":{"east":{"uv":[6.75,2.25,6.75,2.375],"rotation":0,"texture":"#0","tintindex":0},"south":{"uv":[7.375,3.125,7.5,3.25],"rotation":0,"texture":"#0","tintindex":0},"north":{"uv":[7.5,3.125,7.375,3.25],"rotation":0,"texture":"#0","tintindex":0},"west":{"uv":[1.0,5.625,1.0,5.75],"rotation":0,"texture":"#0","tintindex":0},"up":{"uv":[2.5,3.625,2.625,3.625],"rotation":0,"texture":"#0","tintindex":0},"down":{"uv":[2.75,3.625,2.875,3.625],"rotation":0,"texture":"#0","tintindex":0}}},{"from":[6.0,6.5316563,3.7511306],"to":[6.0,7.103085,4.3225594],"rotation":{"angle":-22.5,"axis":"x","origin":[6.0,6.8173704,4.036845]},"faces":{"east":{"uv":[10.625,3.125,10.75,3.25],"rotation":0,"texture":"#0","tintindex":0},"south":{"uv":[2.125,10.375,2.125,10.5],"rotation":0,"texture":"#0","tintindex":0},"north":{"uv":[0.375,10.375,0.375,10.5],"rotation":0,"texture":"#0","tintindex":0},"west":{"uv":[10.75,3.125,10.625,3.25],"rotation":0,"texture":"#0","tintindex":0},"up":{"uv":[9.25,10.625,9.25,10.5],"rotation":0,"texture":"#0","tintindex":0},"down":{"uv":[5.5,11.125,5.5,11.25],"rotation":0,"texture":"#0","tintindex":0}}}],"display":{"head":{"translation":[0.0,-6.4,0.0],"scale":[4.0,4.0,4.0]}}}