{"textures":{"0":"modelengine:entity/skeleton_warrior"},"elements":[{"from":[7.142857,6.857143,5.428571],"to":[8.857143,8.0,8.857143],"rotation":{"angle":0.0,"axis":"y","origin":[8.0,7.428571,7.142857]},"faces":{"east":{"uv":[9.75,4.125,9.0,4.375],"rotation":0,"texture":"#0","tintindex":0},"south":{"uv":[3.0,10.625,2.625,10.875],"rotation":0,"texture":"#0","tintindex":0},"north":{"uv":[2.5,10.625,2.125,10.875],"rotation":0,"texture":"#0","tintindex":0},"west":{"uv":[9.625,0.75,8.875,1.0],"rotation":0,"texture":"#0","tintindex":0},"up":{"uv":[1.5,8.875,1.875,8.125],"rotation":0,"texture":"#0","tintindex":0},"down":{"uv":[8.25,1.125,8.625,1.875],"rotation":0,"texture":"#0","tintindex":0}}}],"display":{"head":{"translation":[0.0,-6.4,0.0],"scale":[4.0,4.0,4.0]}}}