{"textures":{"0":"modelengine:entity/skeleton_warrior"},"elements":[{"from":[6.9387755,5.0037184,6.2128983],"to":[8.081633,7.860861,8.498612],"rotation":{"angle":22.5,"axis":"x","origin":[7.510204,6.4322896,7.3557553]},"faces":{"east":{"uv":[8.125,3.875,7.625,4.5],"rotation":0,"texture":"#0","tintindex":0},"south":{"uv":[2.875,9.5,2.625,10.125],"rotation":0,"texture":"#0","tintindex":0},"north":{"uv":[1.0,9.5,0.75,10.125],"rotation":0,"texture":"#0","tintindex":0},"west":{"uv":[8.125,3.125,7.625,3.75],"rotation":0,"texture":"#0","tintindex":0},"up":{"uv":[0.0,10.875,0.25,10.375],"rotation":0,"texture":"#0","tintindex":0},"down":{"uv":[1.75,10.375,2.0,10.875],"rotation":0,"texture":"#0","tintindex":0}}},{"from":[7.2244897,4.4322896,6.4986124],"to":[8.938776,8.43229,8.212898],"rotation":{"angle":22.5,"axis":"x","origin":[8.081633,6.4322896,7.3557553]},"faces":{"east":{"uv":[4.375,7.375,4.0,8.25],"rotation":0,"texture":"#0","tintindex":0},"south":{"uv":[3.875,7.375,3.5,8.25],"rotation":0,"texture":"#0","tintindex":0},"north":{"uv":[0.875,7.375,0.5,8.25],"rotation":0,"texture":"#0","tintindex":0},"west":{"uv":[7.75,2.125,7.375,3.0],"rotation":0,"texture":"#0","tintindex":0},"up":{"uv":[9.75,8.25,10.125,7.875],"rotation":0,"texture":"#0","tintindex":0},"down":{"uv":[9.75,8.375,10.125,8.75],"rotation":0,"texture":"#0","tintindex":0}}}],"display":{"head":{"translation":[0.0,-6.4,0.0],"scale":[4.0,4.0,4.0]}}}