{"textures":{"0":"modelengine:entity/skeleton_warrior"},"elements":[{"from":[7.428571,6.7419257,6.125785],"to":[8.571428,7.884783,10.125785],"rotation":{"angle":22.5,"axis":"x","origin":[8.0,7.3133545,8.125785]},"faces":{"east":{"uv":[8.75,1.125,9.625,1.375],"rotation":0,"texture":"#0","tintindex":0},"south":{"uv":[10.875,6.75,11.125,7.0],"rotation":0,"texture":"#0","tintindex":0},"north":{"uv":[10.875,5.875,11.125,6.125],"rotation":0,"texture":"#0","tintindex":0},"west":{"uv":[8.75,1.5,9.625,1.75],"rotation":0,"texture":"#0","tintindex":0},"up":{"uv":[0.25,9.75,0.0,8.875],"rotation":0,"texture":"#0","tintindex":0},"down":{"uv":[0.625,8.875,0.375,9.75],"rotation":0,"texture":"#0","tintindex":0}}},{"from":[7.428571,6.011683,5.178666],"to":[8.571428,10.583112,6.3215227],"rotation":{"angle":22.5,"axis":"x","origin":[8.0,8.297398,5.7500944]},"faces":{"east":{"uv":[5.125,8.25,5.375,9.25],"rotation":0,"texture":"#0","tintindex":0},"south":{"uv":[6.625,8.25,6.875,9.25],"rotation":0,"texture":"#0","tintindex":0},"north":{"uv":[4.75,8.25,5.0,9.25],"rotation":0,"texture":"#0","tintindex":0},"west":{"uv":[8.25,7.625,8.5,8.625],"rotation":0,"texture":"#0","tintindex":0},"up":{"uv":[11.125,7.375,10.875,7.125],"rotation":0,"texture":"#0","tintindex":0},"down":{"uv":[11.125,7.875,10.875,8.125],"rotation":0,"texture":"#0","tintindex":0}}},{"from":[7.714286,8.946251,-4.1223946],"to":[8.285714,11.803393,5.5918913],"rotation":{"angle":22.5,"axis":"x","origin":[8.0,10.374822,0.7347479]},"faces":{"east":{"uv":[2.875,0.0,5.0,0.625],"rotation":0,"texture":"#0","tintindex":0},"south":{"uv":[9.25,10.75,9.375,11.375],"rotation":0,"texture":"#0","tintindex":0},"north":{"uv":[5.75,10.625,5.875,11.25],"rotation":0,"texture":"#0","tintindex":0},"west":{"uv":[5.0,0.0,2.875,0.625],"rotation":0,"texture":"#0","tintindex":0},"up":{"uv":[2.125,10.25,2.0,8.125],"rotation":0,"texture":"#0","tintindex":0},"down":{"uv":[4.625,8.25,4.5,10.375],"rotation":0,"texture":"#0","tintindex":0}}},{"from":[7.142857,6.6512637,6.5761046],"to":[8.857143,8.36555,8.861819],"rotation":{"angle":22.5,"axis":"x","origin":[8.0,7.5084066,7.7189617]},"faces":{"east":{"uv":[1.25,9.0,0.75,9.375],"rotation":0,"texture":"#0","tintindex":0},"south":{"uv":[10.25,2.75,9.875,3.125],"rotation":0,"texture":"#0","tintindex":0},"north":{"uv":[10.25,2.25,9.875,2.625],"rotation":0,"texture":"#0","tintindex":0},"west":{"uv":[9.375,7.0,8.875,7.375],"rotation":0,"texture":"#0","tintindex":0},"up":{"uv":[1.375,9.5,1.75,9.0],"rotation":0,"texture":"#0","tintindex":0},"down":{"uv":[9.0,3.5,9.375,4.0],"rotation":0,"texture":"#0","tintindex":0}}},{"from":[7.7,11.220305,-4.7581615],"to":[8.3,13.220305,-2.7581615],"rotation":{"angle":-22.5,"axis":"x","origin":[8.0,12.220305,-3.7581615]},"faces":{"east":{"uv":[3.875,13.25,4.375,13.75],"rotation":0,"texture":"#0","tintindex":0},"south":{"uv":[6.375,13.25,6.5,13.75],"rotation":0,"texture":"#0","tintindex":0},"north":{"uv":[4.375,13.25,4.5,13.75],"rotation":0,"texture":"#0","tintindex":0},"west":{"uv":[4.375,13.25,3.875,13.75],"rotation":0,"texture":"#0","tintindex":0},"up":{"uv":[4.625,13.25,4.75,13.75],"rotation":0,"texture":"#0","tintindex":0},"down":{"uv":[7.5,13.375,7.625,13.875],"rotation":0,"texture":"#0","tintindex":0}}}],"display":{"head":{"translation":[0.0,-6.4,0.0],"scale":[4.0,4.0,4.0]}}}