{"textures":{"0":"modelengine:entity/skeleton_warrior"},"elements":[{"from":[7.45308,7.624928,5.9887276],"to":[8.595938,9.910643,9.988728],"rotation":{"angle":22.5,"axis":"z","origin":[8.024509,8.767785,7.988728]},"faces":{"east":{"uv":[1.875,6.0,1.0,6.5],"rotation":0,"texture":"#0","tintindex":0},"south":{"uv":[9.125,10.5,8.875,11.0],"rotation":0,"texture":"#0","tintindex":0},"north":{"uv":[10.375,10.5,10.125,11.0],"rotation":0,"texture":"#0","tintindex":0},"west":{"uv":[2.875,6.0,2.0,6.5],"rotation":0,"texture":"#0","tintindex":0},"up":{"uv":[6.25,9.625,6.5,8.75],"rotation":180,"texture":"#0","tintindex":0},"down":{"uv":[8.125,8.75,8.375,9.625],"rotation":180,"texture":"#0","tintindex":0}}},{"from":[6.506556,7.2093244,6.5601563],"to":[7.6494136,8.92361,9.417299],"rotation":{"angle":22.5,"axis":"z","origin":[7.077985,8.066467,7.988728]},"faces":{"east":{"uv":[9.0,2.0,8.375,2.375],"rotation":0,"texture":"#0","tintindex":0},"south":{"uv":[1.125,10.75,0.875,11.125],"rotation":0,"texture":"#0","tintindex":0},"north":{"uv":[8.0,10.625,7.75,11.0],"rotation":0,"texture":"#0","tintindex":0},"west":{"uv":[0.625,8.375,0.0,8.75],"rotation":0,"texture":"#0","tintindex":0},"up":{"uv":[9.5,5.875,9.75,5.25],"rotation":0,"texture":"#0","tintindex":0},"down":{"uv":[7.0,9.5,7.25,10.125],"rotation":0,"texture":"#0","tintindex":0}}},{"from":[5.3413553,6.750223,5.9887276],"to":[6.484213,9.035937,9.988728],"rotation":{"angle":22.5,"axis":"z","origin":[5.912784,7.89308,7.988728]},"faces":{"east":{"uv":[2.875,6.0,2.0,6.5],"rotation":0,"texture":"#0","tintindex":0},"south":{"uv":[10.375,10.5,10.125,11.0],"rotation":0,"texture":"#0","tintindex":0},"north":{"uv":[9.125,10.5,8.875,11.0],"rotation":0,"texture":"#0","tintindex":0},"west":{"uv":[1.875,6.0,1.0,6.5],"rotation":0,"texture":"#0","tintindex":0},"up":{"uv":[6.25,9.625,6.5,8.75],"rotation":0,"texture":"#0","tintindex":0},"down":{"uv":[8.125,8.75,8.375,9.625],"rotation":0,"texture":"#0","tintindex":0}}},{"from":[5.7471676,3.754231,7.131585],"to":[7.4614534,8.32566,8.845871],"rotation":{"angle":-22.5,"axis":"z","origin":[6.6043105,6.039945,7.988728]},"faces":{"east":{"uv":[7.125,1.125,6.75,2.125],"rotation":0,"texture":"#0","tintindex":0},"south":{"uv":[2.875,6.625,2.5,7.625],"rotation":0,"texture":"#0","tintindex":0},"north":{"uv":[1.875,6.625,1.5,7.625],"rotation":0,"texture":"#0","tintindex":0},"west":{"uv":[2.375,6.625,2.0,7.625],"rotation":0,"texture":"#0","tintindex":0},"up":{"uv":[9.75,9.25,10.125,8.875],"rotation":0,"texture":"#0","tintindex":0},"down":{"uv":[9.75,9.375,10.125,9.75],"rotation":0,"texture":"#0","tintindex":0}}}],"display":{"head":{"translation":[0.0,-6.4,0.0],"scale":[4.0,4.0,4.0]}}}