{"textures":{"0":"modelengine:entity/skeleton_warrior"},"elements":[{"from":[7.142857,6.6512637,6.5761046],"to":[8.857143,8.36555,8.861819],"rotation":{"angle":22.5,"axis":"x","origin":[8.0,7.5084066,7.7189617]},"faces":{"east":{"uv":[8.875,7.0,9.375,7.375],"rotation":0,"texture":"#0","tintindex":0},"south":{"uv":[9.875,2.75,10.25,3.125],"rotation":0,"texture":"#0","tintindex":0},"north":{"uv":[9.875,2.25,10.25,2.625],"rotation":0,"texture":"#0","tintindex":0},"west":{"uv":[0.75,9.0,1.25,9.375],"rotation":0,"texture":"#0","tintindex":0},"up":{"uv":[1.75,9.5,1.375,9.0],"rotation":0,"texture":"#0","tintindex":0},"down":{"uv":[9.375,3.5,9.0,4.0],"rotation":0,"texture":"#0","tintindex":0}}},{"from":[9.142858,4.079835,4.2903905],"to":[10.285714,10.936978,11.147533],"rotation":{"angle":22.5,"axis":"x","origin":[8.857143,7.5084066,7.7189617]},"faces":{"east":{"uv":[0.0,2.0,1.5,3.5],"rotation":0,"texture":"#0","tintindex":0},"south":{"uv":[5.875,7.125,6.125,8.625],"rotation":0,"texture":"#0","tintindex":0},"north":{"uv":[5.5,7.125,5.75,8.625],"rotation":0,"texture":"#0","tintindex":0},"west":{"uv":[1.5,2.0,0.0,3.5],"rotation":0,"texture":"#0","tintindex":0},"up":{"uv":[6.5,8.625,6.25,7.125],"rotation":0,"texture":"#0","tintindex":0},"down":{"uv":[7.5,3.375,7.25,4.875],"rotation":0,"texture":"#0","tintindex":0}}},{"from":[10.285714,5.794121,6.0046763],"to":[10.857143,9.2226925,9.433248],"rotation":{"angle":22.5,"axis":"x","origin":[9.714286,7.5084066,7.7189617]},"faces":{"east":{"uv":[3.875,5.375,4.625,6.125],"rotation":0,"texture":"#0","tintindex":0},"south":{"uv":[4.5,10.5,4.625,11.25],"rotation":0,"texture":"#0","tintindex":0},"north":{"uv":[4.5,6.25,4.625,7.0],"rotation":0,"texture":"#0","tintindex":0},"west":{"uv":[5.375,4.5,6.125,5.25],"rotation":0,"texture":"#0","tintindex":0},"up":{"uv":[0.5,11.375,0.375,10.625],"rotation":0,"texture":"#0","tintindex":0},"down":{"uv":[0.75,10.625,0.625,11.375],"rotation":0,"texture":"#0","tintindex":0}}},{"from":[7.428571,6.9369783,6.2903905],"to":[9.142858,8.079835,9.147533],"rotation":{"angle":22.5,"axis":"x","origin":[7.428571,7.5084066,7.7189617]},"faces":{"east":{"uv":[9.5,3.625,10.125,3.875],"rotation":0,"texture":"#0","tintindex":0},"south":{"uv":[10.75,6.375,11.125,6.625],"rotation":0,"texture":"#0","tintindex":0},"north":{"uv":[1.25,10.75,1.625,11.0],"rotation":0,"texture":"#0","tintindex":0},"west":{"uv":[9.5,6.0,10.125,6.25],"rotation":0,"texture":"#0","tintindex":0},"up":{"uv":[8.75,7.5,8.375,6.875],"rotation":0,"texture":"#0","tintindex":0},"down":{"uv":[2.625,8.5,2.25,9.125],"rotation":0,"texture":"#0","tintindex":0}}}],"display":{"head":{"translation":[0.0,-6.4,0.0],"scale":[4.0,4.0,4.0]}}}