{"textures":{"0":"modelengine:entity/skeleton_warrior"},"elements":[{"from":[7.4040623,7.624928,5.9887276],"to":[8.54692,9.910643,9.988728],"rotation":{"angle":-22.5,"axis":"z","origin":[7.975491,8.767785,7.988728]},"faces":{"east":{"uv":[2.0,6.0,2.875,6.5],"rotation":0,"texture":"#0","tintindex":0},"south":{"uv":[8.875,10.5,9.125,11.0],"rotation":0,"texture":"#0","tintindex":0},"north":{"uv":[10.125,10.5,10.375,11.0],"rotation":0,"texture":"#0","tintindex":0},"west":{"uv":[1.0,6.0,1.875,6.5],"rotation":0,"texture":"#0","tintindex":0},"up":{"uv":[6.5,9.625,6.25,8.75],"rotation":180,"texture":"#0","tintindex":0},"down":{"uv":[8.375,8.75,8.125,9.625],"rotation":180,"texture":"#0","tintindex":0}}},{"from":[8.350587,7.2093244,6.5601563],"to":[9.4934435,8.92361,9.417299],"rotation":{"angle":-22.5,"axis":"z","origin":[8.922015,8.066467,7.988728]},"faces":{"east":{"uv":[0.0,8.375,0.625,8.75],"rotation":0,"texture":"#0","tintindex":0},"south":{"uv":[0.875,10.75,1.125,11.125],"rotation":0,"texture":"#0","tintindex":0},"north":{"uv":[7.75,10.625,8.0,11.0],"rotation":0,"texture":"#0","tintindex":0},"west":{"uv":[8.375,2.0,9.0,2.375],"rotation":0,"texture":"#0","tintindex":0},"up":{"uv":[9.75,5.875,9.5,5.25],"rotation":0,"texture":"#0","tintindex":0},"down":{"uv":[7.25,9.5,7.0,10.125],"rotation":0,"texture":"#0","tintindex":0}}},{"from":[9.515787,6.750223,5.9887276],"to":[10.658645,9.035937,9.988728],"rotation":{"angle":-22.5,"axis":"z","origin":[10.087215,7.89308,7.988728]},"faces":{"east":{"uv":[1.0,6.0,1.875,6.5],"rotation":0,"texture":"#0","tintindex":0},"south":{"uv":[10.125,10.5,10.375,11.0],"rotation":0,"texture":"#0","tintindex":0},"north":{"uv":[8.875,10.5,9.125,11.0],"rotation":0,"texture":"#0","tintindex":0},"west":{"uv":[2.0,6.0,2.875,6.5],"rotation":0,"texture":"#0","tintindex":0},"up":{"uv":[6.5,9.625,6.25,8.75],"rotation":0,"texture":"#0","tintindex":0},"down":{"uv":[8.375,8.75,8.125,9.625],"rotation":0,"texture":"#0","tintindex":0}}},{"from":[8.538547,3.754231,7.131585],"to":[10.252832,8.32566,8.845871],"rotation":{"angle":22.5,"axis":"z","origin":[9.395689,6.039945,7.988728]},"faces":{"east":{"uv":[2.0,6.625,2.375,7.625],"rotation":0,"texture":"#0","tintindex":0},"south":{"uv":[2.5,6.625,2.875,7.625],"rotation":0,"texture":"#0","tintindex":0},"north":{"uv":[1.5,6.625,1.875,7.625],"rotation":0,"texture":"#0","tintindex":0},"west":{"uv":[6.75,1.125,7.125,2.125],"rotation":0,"texture":"#0","tintindex":0},"up":{"uv":[10.125,9.25,9.75,8.875],"rotation":0,"texture":"#0","tintindex":0},"down":{"uv":[10.125,9.375,9.75,9.75],"rotation":0,"texture":"#0","tintindex":0}}}],"display":{"head":{"translation":[0.0,-6.4,0.0],"scale":[4.0,4.0,4.0]}}}