{"textures":{"0":"modelengine:entity/skeleton_warrior"},"elements":[{"from":[6.857143,4.672382,7.5910482],"to":[9.142858,7.529525,8.733906],"rotation":{"angle":-22.5,"axis":"x","origin":[8.0,6.1009536,8.1624775]},"faces":{"east":{"uv":[7.375,9.5,7.625,10.125],"rotation":0,"texture":"#0","tintindex":0},"south":{"uv":[7.75,5.375,8.25,6.0],"rotation":0,"texture":"#0","tintindex":0},"north":{"uv":[2.375,7.75,2.875,8.375],"rotation":0,"texture":"#0","tintindex":0},"west":{"uv":[7.75,9.5,8.0,10.125],"rotation":0,"texture":"#0","tintindex":0},"up":{"uv":[10.875,5.75,10.375,5.5],"rotation":0,"texture":"#0","tintindex":0},"down":{"uv":[10.875,7.5,10.375,7.75],"rotation":0,"texture":"#0","tintindex":0}}},{"from":[7.1571426,3.7699494,7.9426036],"to":[8.842857,8.341378,9.656889],"rotation":{"angle":-22.5,"axis":"x","origin":[8.0,6.055664,8.7997465]},"faces":{"east":{"uv":[6.75,5.25,7.125,6.25],"rotation":0,"texture":"#0","tintindex":0},"south":{"uv":[6.75,6.375,7.125,7.375],"rotation":0,"texture":"#0","tintindex":0},"north":{"uv":[6.75,4.125,7.125,5.125],"rotation":0,"texture":"#0","tintindex":0},"west":{"uv":[6.875,2.25,7.25,3.25],"rotation":0,"texture":"#0","tintindex":0},"up":{"uv":[10.25,4.375,9.875,4.0],"rotation":0,"texture":"#0","tintindex":0},"down":{"uv":[10.25,4.5,9.875,4.875],"rotation":0,"texture":"#0","tintindex":0}}}],"display":{"head":{"translation":[0.0,-6.4,0.0],"scale":[4.0,4.0,4.0]}}}