{"textures":{"0":"modelengine:entity/skeleton_warrior"},"elements":[{"from":[7.9183674,5.0037184,6.2128983],"to":[9.061224,7.860861,8.498612],"rotation":{"angle":22.5,"axis":"x","origin":[8.489796,6.4322896,7.3557553]},"faces":{"east":{"uv":[7.625,3.125,8.125,3.75],"rotation":0,"texture":"#0","tintindex":0},"south":{"uv":[2.625,9.5,2.875,10.125],"rotation":0,"texture":"#0","tintindex":0},"north":{"uv":[0.75,9.5,1.0,10.125],"rotation":0,"texture":"#0","tintindex":0},"west":{"uv":[7.625,3.875,8.125,4.5],"rotation":0,"texture":"#0","tintindex":0},"up":{"uv":[0.25,10.875,0.0,10.375],"rotation":0,"texture":"#0","tintindex":0},"down":{"uv":[2.0,10.375,1.75,10.875],"rotation":0,"texture":"#0","tintindex":0}}},{"from":[7.0612245,4.4322896,6.4986124],"to":[8.77551,8.43229,8.212898],"rotation":{"angle":22.5,"axis":"x","origin":[7.9183674,6.4322896,7.3557553]},"faces":{"east":{"uv":[7.375,2.125,7.75,3.0],"rotation":0,"texture":"#0","tintindex":0},"south":{"uv":[3.5,7.375,3.875,8.25],"rotation":0,"texture":"#0","tintindex":0},"north":{"uv":[0.5,7.375,0.875,8.25],"rotation":0,"texture":"#0","tintindex":0},"west":{"uv":[4.0,7.375,4.375,8.25],"rotation":0,"texture":"#0","tintindex":0},"up":{"uv":[10.125,8.25,9.75,7.875],"rotation":0,"texture":"#0","tintindex":0},"down":{"uv":[10.125,8.375,9.75,8.75],"rotation":0,"texture":"#0","tintindex":0}}}],"display":{"head":{"translation":[0.0,-6.4,0.0],"scale":[4.0,4.0,4.0]}}}