{"textures":{"0":"modelengine:entity/skeleton_warrior"},"elements":[{"from":[7.142857,3.8244562,6.4569526],"to":[8.857143,8.3958845,8.171238],"rotation":{"angle":22.5,"axis":"x","origin":[8.0,6.1101704,7.3140955]},"faces":{"east":{"uv":[3.0,7.125,3.375,8.125],"rotation":0,"texture":"#0","tintindex":0},"south":{"uv":[4.5,7.125,4.875,8.125],"rotation":0,"texture":"#0","tintindex":0},"north":{"uv":[7.0,0.0,7.375,1.0],"rotation":0,"texture":"#0","tintindex":0},"west":{"uv":[5.0,7.125,5.375,8.125],"rotation":0,"texture":"#0","tintindex":0},"up":{"uv":[10.25,5.375,9.875,5.0],"rotation":0,"texture":"#0","tintindex":0},"down":{"uv":[10.25,5.5,9.875,5.875],"rotation":0,"texture":"#0","tintindex":0}}}],"display":{"head":{"translation":[0.0,-6.4,0.0],"scale":[4.0,4.0,4.0]}}}