{"textures":{"0":"modelengine:entity/skeleton_warrior"},"elements":[{"from":[9.428572,9.065182,7.1387234],"to":[10.571428,10.208038,7.1387234],"rotation":{"angle":0.0,"axis":"y","origin":[10.0,9.63661,7.1387234]},"faces":{"east":{"uv":[11.125,4.375,11.125,4.625],"rotation":0,"texture":"#0","tintindex":0},"south":{"uv":[11.125,1.125,10.875,1.375],"rotation":0,"texture":"#0","tintindex":0},"north":{"uv":[10.875,1.125,11.125,1.375],"rotation":0,"texture":"#0","tintindex":0},"west":{"uv":[4.875,11.125,4.875,11.375],"rotation":0,"texture":"#0","tintindex":0},"up":{"uv":[9.75,4.0,9.5,4.0],"rotation":0,"texture":"#0","tintindex":0},"down":{"uv":[9.75,7.375,9.5,7.375],"rotation":0,"texture":"#0","tintindex":0}}},{"from":[10.571428,9.065182,7.1387234],"to":[10.571428,10.208038,9.995866],"rotation":{"angle":0.0,"axis":"y","origin":[10.571428,9.63661,8.567295]},"faces":{"east":{"uv":[9.375,0.375,10.0,0.625],"rotation":0,"texture":"#0","tintindex":0},"south":{"uv":[5.0,11.125,5.0,11.375],"rotation":0,"texture":"#0","tintindex":0},"north":{"uv":[11.125,4.875,11.125,5.125],"rotation":0,"texture":"#0","tintindex":0},"west":{"uv":[10.0,0.375,9.375,0.625],"rotation":0,"texture":"#0","tintindex":0},"up":{"uv":[5.125,11.75,5.125,11.125],"rotation":0,"texture":"#0","tintindex":0},"down":{"uv":[5.25,11.125,5.25,11.75],"rotation":0,"texture":"#0","tintindex":0}}},{"from":[9.428572,9.065182,9.995866],"to":[10.571428,10.208038,9.995866],"rotation":{"angle":0.0,"axis":"y","origin":[10.0,9.63661,9.995866]},"faces":{"east":{"uv":[11.125,5.25,11.125,5.5],"rotation":0,"texture":"#0","tintindex":0},"south":{"uv":[4.125,10.875,4.375,11.125],"rotation":0,"texture":"#0","tintindex":0},"north":{"uv":[4.375,10.875,4.125,11.125],"rotation":0,"texture":"#0","tintindex":0},"west":{"uv":[5.375,11.125,5.375,11.375],"rotation":0,"texture":"#0","tintindex":0},"up":{"uv":[10.125,3.25,9.875,3.25],"rotation":0,"texture":"#0","tintindex":0},"down":{"uv":[10.625,5.875,10.375,5.875],"rotation":0,"texture":"#0","tintindex":0}}},{"from":[7.142857,9.065182,7.7101517],"to":[8.857143,11.922324,9.4244375],"rotation":{"angle":0.0,"axis":"y","origin":[8.0,10.4937525,8.567295]},"faces":{"east":{"uv":[4.0,8.375,4.375,9.0],"rotation":0,"texture":"#0","tintindex":0},"south":{"uv":[8.375,5.375,8.75,6.0],"rotation":0,"texture":"#0","tintindex":0},"north":{"uv":[3.5,8.375,3.875,9.0],"rotation":0,"texture":"#0","tintindex":0},"west":{"uv":[8.375,6.125,8.75,6.75],"rotation":0,"texture":"#0","tintindex":0},"up":{"uv":[10.375,7.25,10.0,6.875],"rotation":0,"texture":"#0","tintindex":0},"down":{"uv":[10.5,0.0,10.125,0.375],"rotation":0,"texture":"#0","tintindex":0}}},{"from":[8.857143,10.350896,8.710152],"to":[11.142858,11.4937525,8.710152],"rotation":{"angle":0.0,"axis":"y","origin":[10.0,10.922324,8.710152]},"faces":{"east":{"uv":[1.75,11.0,1.75,11.25],"rotation":0,"texture":"#0","tintindex":0},"south":{"uv":[4.75,10.25,5.25,10.5],"rotation":0,"texture":"#0","tintindex":0},"north":{"uv":[5.25,10.25,4.75,10.5],"rotation":0,"texture":"#0","tintindex":0},"west":{"uv":[1.875,11.0,1.875,11.25],"rotation":0,"texture":"#0","tintindex":0},"up":{"uv":[2.5,11.0,2.0,11.0],"rotation":0,"texture":"#0","tintindex":0},"down":{"uv":[11.5,2.25,11.0,2.25],"rotation":0,"texture":"#0","tintindex":0}}},{"from":[11.142858,10.350896,6.4244375],"to":[11.142858,11.4937525,8.710152],"rotation":{"angle":0.0,"axis":"y","origin":[11.142858,10.922324,7.5672946]},"faces":{"east":{"uv":[2.875,10.25,3.375,10.5],"rotation":0,"texture":"#0","tintindex":0},"south":{"uv":[0.125,11.0,0.125,11.25],"rotation":0,"texture":"#0","tintindex":0},"north":{"uv":[0.0,11.0,0.0,11.25],"rotation":0,"texture":"#0","tintindex":0},"west":{"uv":[3.375,10.25,2.875,10.5],"rotation":0,"texture":"#0","tintindex":0},"up":{"uv":[0.25,11.5,0.25,11.0],"rotation":0,"texture":"#0","tintindex":0},"down":{"uv":[11.0,1.625,11.0,2.125],"rotation":0,"texture":"#0","tintindex":0}}},{"from":[8.857143,10.350896,6.4244375],"to":[11.142858,11.4937525,6.4244375],"rotation":{"angle":0.0,"axis":"y","origin":[10.0,10.922324,6.4244375]},"faces":{"east":{"uv":[10.625,10.875,10.625,11.125],"rotation":0,"texture":"#0","tintindex":0},"south":{"uv":[10.75,1.25,10.25,1.5],"rotation":0,"texture":"#0","tintindex":0},"north":{"uv":[10.25,1.25,10.75,1.5],"rotation":0,"texture":"#0","tintindex":0},"west":{"uv":[10.75,10.875,10.75,11.125],"rotation":0,"texture":"#0","tintindex":0},"up":{"uv":[11.375,10.375,10.875,10.375],"rotation":0,"texture":"#0","tintindex":0},"down":{"uv":[11.375,10.875,10.875,10.875],"rotation":0,"texture":"#0","tintindex":0}}},{"from":[4.8571424,10.350896,6.4244375],"to":[7.142857,11.4937525,6.4244375],"rotation":{"angle":0.0,"axis":"y","origin":[6.0,10.922324,6.4244375]},"faces":{"east":{"uv":[10.75,10.875,10.75,11.125],"rotation":0,"texture":"#0","tintindex":0},"south":{"uv":[10.25,1.25,10.75,1.5],"rotation":0,"texture":"#0","tintindex":0},"north":{"uv":[10.75,1.25,10.25,1.5],"rotation":0,"texture":"#0","tintindex":0},"west":{"uv":[10.625,10.875,10.625,11.125],"rotation":0,"texture":"#0","tintindex":0},"up":{"uv":[10.875,10.375,11.375,10.375],"rotation":0,"texture":"#0","tintindex":0},"down":{"uv":[10.875,10.875,11.375,10.875],"rotation":0,"texture":"#0","tintindex":0}}},{"from":[4.8571424,10.350896,6.4244375],"to":[4.8571424,11.4937525,8.710152],"rotation":{"angle":0.0,"axis":"y","origin":[4.8571424,10.922324,7.5672946]},"faces":{"east":{"uv":[2.875,10.25,3.375,10.5],"rotation":0,"texture":"#0","tintindex":0},"south":{"uv":[0.125,11.0,0.125,11.25],"rotation":0,"texture":"#0","tintindex":0},"north":{"uv":[0.0,11.0,0.0,11.25],"rotation":0,"texture":"#0","tintindex":0},"west":{"uv":[3.375,10.25,2.875,10.5],"rotation":0,"texture":"#0","tintindex":0},"up":{"uv":[0.25,11.5,0.25,11.0],"rotation":0,"texture":"#0","tintindex":0},"down":{"uv":[11.0,1.625,11.0,2.125],"rotation":0,"texture":"#0","tintindex":0}}},{"from":[4.8571424,10.350896,8.710152],"to":[7.142857,11.4937525,8.710152],"rotation":{"angle":0.0,"axis":"y","origin":[6.0,10.922324,8.710152]},"faces":{"east":{"uv":[1.875,11.0,1.875,11.25],"rotation":0,"texture":"#0","tintindex":0},"south":{"uv":[5.25,10.25,4.75,10.5],"rotation":0,"texture":"#0","tintindex":0},"north":{"uv":[4.75,10.25,5.25,10.5],"rotation":0,"texture":"#0","tintindex":0},"west":{"uv":[1.75,11.0,1.75,11.25],"rotation":0,"texture":"#0","tintindex":0},"up":{"uv":[2.0,11.0,2.5,11.0],"rotation":0,"texture":"#0","tintindex":0},"down":{"uv":[11.0,2.25,11.5,2.25],"rotation":0,"texture":"#0","tintindex":0}}},{"from":[5.428571,9.065182,9.995866],"to":[6.5714283,10.208038,9.995866],"rotation":{"angle":0.0,"axis":"y","origin":[6.0,9.63661,9.995866]},"faces":{"east":{"uv":[5.375,11.125,5.375,11.375],"rotation":0,"texture":"#0","tintindex":0},"south":{"uv":[4.375,10.875,4.125,11.125],"rotation":0,"texture":"#0","tintindex":0},"north":{"uv":[4.125,10.875,4.375,11.125],"rotation":0,"texture":"#0","tintindex":0},"west":{"uv":[11.125,5.25,11.125,5.5],"rotation":0,"texture":"#0","tintindex":0},"up":{"uv":[9.875,3.25,10.125,3.25],"rotation":0,"texture":"#0","tintindex":0},"down":{"uv":[10.375,5.875,10.625,5.875],"rotation":0,"texture":"#0","tintindex":0}}},{"from":[5.428571,9.065182,7.1387234],"to":[5.428571,10.208038,9.995866],"rotation":{"angle":0.0,"axis":"y","origin":[5.428571,9.63661,8.567295]},"faces":{"east":{"uv":[9.375,0.375,10.0,0.625],"rotation":0,"texture":"#0","tintindex":0},"south":{"uv":[5.0,11.125,5.0,11.375],"rotation":0,"texture":"#0","tintindex":0},"north":{"uv":[11.125,4.875,11.125,5.125],"rotation":0,"texture":"#0","tintindex":0},"west":{"uv":[10.0,0.375,9.375,0.625],"rotation":0,"texture":"#0","tintindex":0},"up":{"uv":[5.125,11.75,5.125,11.125],"rotation":0,"texture":"#0","tintindex":0},"down":{"uv":[5.25,11.125,5.25,11.75],"rotation":0,"texture":"#0","tintindex":0}}},{"from":[5.428571,9.065182,7.1387234],"to":[6.5714283,10.208038,7.1387234],"rotation":{"angle":0.0,"axis":"y","origin":[6.0,9.63661,7.1387234]},"faces":{"east":{"uv":[4.875,11.125,4.875,11.375],"rotation":0,"texture":"#0","tintindex":0},"south":{"uv":[10.875,1.125,11.125,1.375],"rotation":0,"texture":"#0","tintindex":0},"north":{"uv":[11.125,1.125,10.875,1.375],"rotation":0,"texture":"#0","tintindex":0},"west":{"uv":[11.125,4.375,11.125,4.625],"rotation":0,"texture":"#0","tintindex":0},"up":{"uv":[9.5,4.0,9.75,4.0],"rotation":0,"texture":"#0","tintindex":0},"down":{"uv":[9.5,7.375,9.75,7.375],"rotation":0,"texture":"#0","tintindex":0}}},{"from":[5.428571,7.922324,7.1387234],"to":[10.571428,9.065182,9.995866],"rotation":{"angle":0.0,"axis":"y","origin":[8.0,8.4937525,8.567295]},"faces":{"east":{"uv":[9.125,3.0,9.75,3.25],"rotation":0,"texture":"#0","tintindex":0},"south":{"uv":[8.125,0.375,9.25,0.625],"rotation":0,"texture":"#0","tintindex":0},"north":{"uv":[8.125,0.0,9.25,0.25],"rotation":0,"texture":"#0","tintindex":0},"west":{"uv":[3.5,9.125,4.125,9.375],"rotation":0,"texture":"#0","tintindex":0},"up":{"uv":[5.5,3.625,4.375,3.0],"rotation":0,"texture":"#0","tintindex":0},"down":{"uv":[5.875,3.75,4.75,4.375],"rotation":0,"texture":"#0","tintindex":0}}},{"from":[5.142857,7.4937525,6.8530087],"to":[10.857143,8.63661,7.4244375],"rotation":{"angle":0.0,"axis":"y","origin":[8.0,8.065181,7.1387234]},"faces":{"east":{"uv":[6.0,4.125,6.125,4.375],"rotation":0,"texture":"#0","tintindex":0},"south":{"uv":[7.625,4.625,8.875,4.875],"rotation":0,"texture":"#0","tintindex":0},"north":{"uv":[7.5,0.75,8.75,1.0],"rotation":0,"texture":"#0","tintindex":0},"west":{"uv":[8.75,3.5,8.875,3.75],"rotation":0,"texture":"#0","tintindex":0},"up":{"uv":[10.625,6.5,9.375,6.375],"rotation":0,"texture":"#0","tintindex":0},"down":{"uv":[10.625,6.625,9.375,6.75],"rotation":0,"texture":"#0","tintindex":0}}},{"from":[5.142857,7.4937525,7.4244375],"to":[5.714286,8.63661,9.710152],"rotation":{"angle":0.0,"axis":"y","origin":[5.428571,8.065181,8.567295]},"faces":{"east":{"uv":[10.375,4.0,10.875,4.25],"rotation":0,"texture":"#0","tintindex":0},"south":{"uv":[9.5,10.75,9.625,11.0],"rotation":0,"texture":"#0","tintindex":0},"north":{"uv":[0.5,9.875,0.625,10.125],"rotation":0,"texture":"#0","tintindex":0},"west":{"uv":[10.375,4.375,10.875,4.625],"rotation":0,"texture":"#0","tintindex":0},"up":{"uv":[6.75,3.5,6.625,3.0],"rotation":0,"texture":"#0","tintindex":0},"down":{"uv":[7.125,8.25,7.0,8.75],"rotation":0,"texture":"#0","tintindex":0}}},{"from":[5.142857,7.4937525,9.710152],"to":[10.857143,8.63661,10.28158],"rotation":{"angle":0.0,"axis":"y","origin":[8.0,8.065181,9.995866]},"faces":{"east":{"uv":[6.125,4.125,6.0,4.375],"rotation":0,"texture":"#0","tintindex":0},"south":{"uv":[8.75,0.75,7.5,1.0],"rotation":0,"texture":"#0","tintindex":0},"north":{"uv":[8.875,4.625,7.625,4.875],"rotation":0,"texture":"#0","tintindex":0},"west":{"uv":[8.875,3.5,8.75,3.75],"rotation":0,"texture":"#0","tintindex":0},"up":{"uv":[10.625,6.375,9.375,6.5],"rotation":0,"texture":"#0","tintindex":0},"down":{"uv":[10.625,6.75,9.375,6.625],"rotation":0,"texture":"#0","tintindex":0}}},{"from":[10.285714,7.4937525,7.4244375],"to":[10.857143,8.63661,9.710152],"rotation":{"angle":0.0,"axis":"y","origin":[10.571428,8.065181,8.567295]},"faces":{"east":{"uv":[10.375,4.75,10.875,5.0],"rotation":0,"texture":"#0","tintindex":0},"south":{"uv":[10.875,8.625,11.0,8.875],"rotation":0,"texture":"#0","tintindex":0},"north":{"uv":[10.875,8.25,11.0,8.5],"rotation":0,"texture":"#0","tintindex":0},"west":{"uv":[10.375,5.125,10.875,5.375],"rotation":0,"texture":"#0","tintindex":0},"up":{"uv":[0.875,8.875,0.75,8.375],"rotation":0,"texture":"#0","tintindex":0},"down":{"uv":[2.875,8.5,2.75,9.0],"rotation":0,"texture":"#0","tintindex":0}}}],"display":{"head":{"translation":[0.0,-6.4,0.0],"scale":[4.0,4.0,4.0]}}}