{"textures":{"0":"modelengine:entity/skeleton_archer"},"elements":[{"from":[5.142857,5.714286,8.0],"to":[10.857143,8.0,8.0],"rotation":{"angle":0.0,"axis":"y","origin":[8.0,6.857143,8.0]},"faces":{"east":{"uv":[4.25,11.875,4.25,12.375],"rotation":0,"texture":"#0","tintindex":0},"south":{"uv":[1.375,6.25,2.625,6.75],"rotation":0,"texture":"#0","tintindex":0},"north":{"uv":[0.0,6.25,1.25,6.75],"rotation":0,"texture":"#0","tintindex":0},"west":{"uv":[4.375,11.875,4.375,12.375],"rotation":0,"texture":"#0","tintindex":0},"up":{"uv":[13.125,0.625,11.875,0.625],"rotation":0,"texture":"#0","tintindex":0},"down":{"uv":[13.125,1.875,11.875,1.875],"rotation":0,"texture":"#0","tintindex":0}}}],"display":{"head":{"translation":[0.0,-6.4,0.0],"scale":[4.0,4.0,4.0]}}}