{"textures":{"0":"modelengine:entity/skeleton_archer"},"elements":[{"from":[5.142857,5.142857,8.0],"to":[10.857143,8.0,8.0],"rotation":{"angle":0.0,"axis":"y","origin":[8.0,6.5714283,8.0]},"faces":{"east":{"uv":[11.875,5.125,11.875,5.75],"rotation":0,"texture":"#0","tintindex":0},"south":{"uv":[5.125,3.75,6.375,4.375],"rotation":0,"texture":"#0","tintindex":0},"north":{"uv":[5.125,3.0,6.375,3.625],"rotation":0,"texture":"#0","tintindex":0},"west":{"uv":[5.25,11.875,5.25,12.5],"rotation":0,"texture":"#0","tintindex":0},"up":{"uv":[13.125,2.0,11.875,2.0],"rotation":0,"texture":"#0","tintindex":0},"down":{"uv":[13.125,2.125,11.875,2.125],"rotation":0,"texture":"#0","tintindex":0}}}],"display":{"head":{"translation":[0.0,-6.4,0.0],"scale":[4.0,4.0,4.0]}}}