{"textures":{"0":"modelengine:entity/skeleton_archer"},"elements":[{"from":[7.428571,7.2319436,4.9937887],"to":[8.571428,8.374801,10.708075],"rotation":{"angle":22.5,"axis":"x","origin":[8.019202,7.5803165,8.678321]},"faces":{"east":{"uv":[8.5,2.875,9.75,3.125],"rotation":0,"texture":"#0","tintindex":0},"south":{"uv":[11.625,0.0,11.875,0.25],"rotation":0,"texture":"#0","tintindex":0},"north":{"uv":[11.5,10.125,11.75,10.375],"rotation":0,"texture":"#0","tintindex":0},"west":{"uv":[8.5,7.5,9.75,7.75],"rotation":0,"texture":"#0","tintindex":0},"up":{"uv":[7.25,9.375,7.0,8.125],"rotation":0,"texture":"#0","tintindex":0},"down":{"uv":[8.75,7.875,8.5,9.125],"rotation":0,"texture":"#0","tintindex":0}}},{"from":[7.4142857,7.437025,4.666604],"to":[8.585714,12.579883,5.8094616],"rotation":{"angle":-22.5,"axis":"x","origin":[8.019202,9.265678,5.6653605]},"faces":{"east":{"uv":[1.375,9.25,1.625,10.375],"rotation":0,"texture":"#0","tintindex":0},"south":{"uv":[8.5,9.25,8.75,10.375],"rotation":0,"texture":"#0","tintindex":0},"north":{"uv":[1.0,9.25,1.25,10.375],"rotation":0,"texture":"#0","tintindex":0},"west":{"uv":[2.25,9.375,2.5,10.5],"rotation":0,"texture":"#0","tintindex":0},"up":{"uv":[2.25,11.875,2.0,11.625],"rotation":0,"texture":"#0","tintindex":0},"down":{"uv":[2.625,11.625,2.375,11.875],"rotation":0,"texture":"#0","tintindex":0}}},{"from":[7.714286,11.63628,2.5069637],"to":[8.285714,16.20771,3.6498208],"rotation":{"angle":-45.0,"axis":"x","origin":[8.019202,13.0722275,3.1889434]},"faces":{"east":{"uv":[7.625,9.5,7.875,10.5],"rotation":0,"texture":"#0","tintindex":0},"south":{"uv":[7.5,11.125,7.625,12.125],"rotation":0,"texture":"#0","tintindex":0},"north":{"uv":[5.875,11.125,6.0,12.125],"rotation":0,"texture":"#0","tintindex":0},"west":{"uv":[9.5,7.875,9.75,8.875],"rotation":0,"texture":"#0","tintindex":0},"up":{"uv":[0.875,12.0,0.75,11.75],"rotation":0,"texture":"#0","tintindex":0},"down":{"uv":[1.125,11.75,1.0,12.0],"rotation":0,"texture":"#0","tintindex":0}}},{"from":[8.0,10.42128,1.6250796],"to":[8.0,10.992708,16.482224],"rotation":{"angle":22.5,"axis":"x","origin":[8.019202,10.483938,9.88104]},"faces":{"east":{"uv":[6.5,3.75,9.75,3.875],"rotation":0,"texture":"#0","tintindex":0},"south":{"uv":[11.5,7.0,11.5,7.125],"rotation":0,"texture":"#0","tintindex":0},"north":{"uv":[11.375,8.75,11.375,8.875],"rotation":0,"texture":"#0","tintindex":0},"west":{"uv":[6.5,4.0,9.75,4.125],"rotation":0,"texture":"#0","tintindex":0},"up":{"uv":[10.875,15.25,10.875,12.0],"rotation":0,"texture":"#0","tintindex":0},"down":{"uv":[12.0,11.25,12.0,14.5],"rotation":0,"texture":"#0","tintindex":0}}},{"from":[7.428571,5.765444,5.4424253],"to":[8.571428,7.4797297,6.013854],"rotation":{"angle":0.0,"axis":"y","origin":[8.019202,6.0998826,6.407187]},"faces":{"east":{"uv":[11.625,3.375,11.75,3.75],"rotation":0,"texture":"#0","tintindex":0},"south":{"uv":[7.0,1.375,7.25,1.75],"rotation":0,"texture":"#0","tintindex":0},"north":{"uv":[2.375,6.875,2.625,7.25],"rotation":0,"texture":"#0","tintindex":0},"west":{"uv":[3.5,11.625,3.625,12.0],"rotation":0,"texture":"#0","tintindex":0},"up":{"uv":[3.125,8.75,2.875,8.625],"rotation":0,"texture":"#0","tintindex":0},"down":{"uv":[3.75,8.875,3.5,9.0],"rotation":0,"texture":"#0","tintindex":0}}},{"from":[7.714286,7.4931774,13.550507],"to":[8.285714,8.636035,18.121937],"rotation":{"angle":0.0,"axis":"y","origin":[8.019202,7.5419016,16.515268]},"faces":{"east":{"uv":[9.5,7.875,9.75,8.875],"rotation":270,"texture":"#0","tintindex":0},"south":{"uv":[0.875,12.0,0.75,11.75],"rotation":180,"texture":"#0","tintindex":0},"north":{"uv":[1.125,11.75,1.0,12.0],"rotation":0,"texture":"#0","tintindex":0},"west":{"uv":[7.625,9.5,7.875,10.5],"rotation":90,"texture":"#0","tintindex":0},"up":{"uv":[7.5,11.125,7.625,12.125],"rotation":180,"texture":"#0","tintindex":0},"down":{"uv":[5.875,11.125,6.0,12.125],"rotation":0,"texture":"#0","tintindex":0}}},{"from":[7.4142857,6.772703,9.073784],"to":[8.585714,7.9155607,14.21664],"rotation":{"angle":-22.5,"axis":"x","origin":[8.019202,6.601356,12.07254]},"faces":{"east":{"uv":[2.25,9.375,2.5,10.5],"rotation":270,"texture":"#0","tintindex":0},"south":{"uv":[2.25,11.875,2.0,11.625],"rotation":180,"texture":"#0","tintindex":0},"north":{"uv":[2.625,11.625,2.375,11.875],"rotation":0,"texture":"#0","tintindex":0},"west":{"uv":[1.375,9.25,1.625,10.375],"rotation":90,"texture":"#0","tintindex":0},"up":{"uv":[8.5,9.25,8.75,10.375],"rotation":180,"texture":"#0","tintindex":0},"down":{"uv":[1.0,9.25,1.25,10.375],"rotation":0,"texture":"#0","tintindex":0}}},{"from":[7.428571,3.9196568,8.173953],"to":[8.571428,5.6339426,8.745382],"rotation":{"angle":45.0,"axis":"x","origin":[8.019202,4.887351,9.309435]},"faces":{"east":{"uv":[3.5,11.625,3.625,12.0],"rotation":0,"texture":"#0","tintindex":0},"south":{"uv":[2.375,6.875,2.625,7.25],"rotation":0,"texture":"#0","tintindex":0},"north":{"uv":[7.0,1.375,7.25,1.75],"rotation":0,"texture":"#0","tintindex":0},"west":{"uv":[11.625,3.375,11.75,3.75],"rotation":0,"texture":"#0","tintindex":0},"up":{"uv":[3.125,8.75,2.875,8.625],"rotation":180,"texture":"#0","tintindex":0},"down":{"uv":[3.75,8.875,3.5,9.0],"rotation":180,"texture":"#0","tintindex":0}}}],"display":{"head":{"translation":[0.0,-6.4,0.0],"scale":[4.0,4.0,4.0]}}}