{"textures":{"0":"modelengine:entity/skeleton_archer"},"elements":[{"from":[10.243723,7.696953,11.3846855],"to":[10.815151,12.83981,11.956114],"rotation":{"angle":-45.0,"axis":"z","origin":[10.529437,10.268381,11.6704]},"faces":{"east":{"uv":[10.875,7.75,11.0,8.875],"rotation":0,"texture":"#0","tintindex":0},"south":{"uv":[7.875,10.875,8.0,12.0],"rotation":0,"texture":"#0","tintindex":0},"north":{"uv":[6.625,10.875,6.75,12.0],"rotation":0,"texture":"#0","tintindex":0},"west":{"uv":[8.125,10.875,8.25,12.0],"rotation":0,"texture":"#0","tintindex":0},"up":{"uv":[11.875,7.875,11.75,7.75],"rotation":0,"texture":"#0","tintindex":0},"down":{"uv":[11.875,8.0,11.75,8.125],"rotation":0,"texture":"#0","tintindex":0}}},{"from":[10.91914,10.37237,11.6704],"to":[13.776283,13.800941,11.6704],"rotation":{"angle":-45.0,"axis":"z","origin":[12.347712,12.086657,11.6704]},"faces":{"east":{"uv":[10.625,12.0,10.625,12.75],"rotation":0,"texture":"#0","tintindex":0},"south":{"uv":[0.0,6.875,0.625,7.625],"rotation":0,"texture":"#0","tintindex":0},"north":{"uv":[0.625,6.875,0.0,7.625],"rotation":0,"texture":"#0","tintindex":0},"west":{"uv":[10.75,12.0,10.75,12.75],"rotation":0,"texture":"#0","tintindex":0},"up":{"uv":[12.625,8.375,12.0,8.375],"rotation":0,"texture":"#0","tintindex":0},"down":{"uv":[12.625,8.5,12.0,8.5],"rotation":0,"texture":"#0","tintindex":0}}},{"from":[10.007765,8.659071,10.813257],"to":[10.579193,13.8019285,11.3846855],"rotation":{"angle":-22.5,"axis":"z","origin":[10.293479,11.2305,11.098971]},"faces":{"east":{"uv":[10.875,7.75,11.0,8.875],"rotation":0,"texture":"#0","tintindex":0},"south":{"uv":[7.875,10.875,8.0,12.0],"rotation":0,"texture":"#0","tintindex":0},"north":{"uv":[6.625,10.875,6.75,12.0],"rotation":0,"texture":"#0","tintindex":0},"west":{"uv":[8.125,10.875,8.25,12.0],"rotation":0,"texture":"#0","tintindex":0},"up":{"uv":[11.875,7.875,11.75,7.75],"rotation":0,"texture":"#0","tintindex":0},"down":{"uv":[11.875,8.0,11.75,8.125],"rotation":0,"texture":"#0","tintindex":0}}},{"from":[9.84895,11.891905,11.098971],"to":[12.706093,15.320477,11.098971],"rotation":{"angle":-22.5,"axis":"z","origin":[11.277522,13.606191,11.098971]},"faces":{"east":{"uv":[10.625,12.0,10.625,12.75],"rotation":0,"texture":"#0","tintindex":0},"south":{"uv":[0.0,6.875,0.625,7.625],"rotation":0,"texture":"#0","tintindex":0},"north":{"uv":[0.625,6.875,0.0,7.625],"rotation":0,"texture":"#0","tintindex":0},"west":{"uv":[10.75,12.0,10.75,12.75],"rotation":0,"texture":"#0","tintindex":0},"up":{"uv":[12.625,8.375,12.0,8.375],"rotation":0,"texture":"#0","tintindex":0},"down":{"uv":[12.625,8.5,12.0,8.5],"rotation":0,"texture":"#0","tintindex":0}}},{"from":[8.191729,11.977447,11.6704],"to":[11.048871,15.406018,11.6704],"rotation":{"angle":0.0,"axis":"y","origin":[9.620299,13.691732,11.6704]},"faces":{"east":{"uv":[10.625,12.0,10.625,12.75],"rotation":0,"texture":"#0","tintindex":0},"south":{"uv":[0.0,6.875,0.625,7.625],"rotation":0,"texture":"#0","tintindex":0},"north":{"uv":[0.625,6.875,0.0,7.625],"rotation":0,"texture":"#0","tintindex":0},"west":{"uv":[10.75,12.0,10.75,12.75],"rotation":0,"texture":"#0","tintindex":0},"up":{"uv":[12.625,8.375,12.0,8.375],"rotation":0,"texture":"#0","tintindex":0},"down":{"uv":[12.625,8.5,12.0,8.5],"rotation":0,"texture":"#0","tintindex":0}}},{"from":[9.334585,8.548875,11.3846855],"to":[9.9060135,13.691732,11.956114],"rotation":{"angle":0.0,"axis":"y","origin":[9.620299,11.120304,11.6704]},"faces":{"east":{"uv":[10.875,7.75,11.0,8.875],"rotation":0,"texture":"#0","tintindex":0},"south":{"uv":[7.875,10.875,8.0,12.0],"rotation":0,"texture":"#0","tintindex":0},"north":{"uv":[6.625,10.875,6.75,12.0],"rotation":0,"texture":"#0","tintindex":0},"west":{"uv":[8.125,10.875,8.25,12.0],"rotation":0,"texture":"#0","tintindex":0},"up":{"uv":[11.875,7.875,11.75,7.75],"rotation":0,"texture":"#0","tintindex":0},"down":{"uv":[11.875,8.0,11.75,8.125],"rotation":0,"texture":"#0","tintindex":0}}},{"from":[7.238954,4.58458,9.956114],"to":[10.667525,11.441723,12.813257],"rotation":{"angle":-22.5,"axis":"z","origin":[8.953239,8.013151,11.3846855]},"faces":{"east":{"uv":[0.0,4.5,0.625,6.0],"rotation":0,"texture":"#0","tintindex":0},"south":{"uv":[1.25,1.625,2.0,3.125],"rotation":0,"texture":"#0","tintindex":0},"north":{"uv":[1.25,1.625,2.0,3.125],"rotation":0,"texture":"#0","tintindex":0},"west":{"uv":[0.0,4.5,0.625,6.0],"rotation":0,"texture":"#0","tintindex":0},"up":{"uv":[5.625,6.875,4.875,6.25],"rotation":0,"texture":"#0","tintindex":0},"down":{"uv":[6.5,6.25,5.75,6.875],"rotation":0,"texture":"#0","tintindex":0}}},{"from":[4.6705866,4.718728,6.498971],"to":[6.9563007,4.718728,9.927543],"rotation":{"angle":-45.0,"axis":"z","origin":[5.8134437,4.718728,8.213257]},"faces":{"east":{"uv":[12.0,6.125,12.75,6.125],"rotation":0,"texture":"#0","tintindex":0},"south":{"uv":[12.0,6.25,12.5,6.25],"rotation":0,"texture":"#0","tintindex":0},"north":{"uv":[12.0,6.0,12.5,6.0],"rotation":0,"texture":"#0","tintindex":0},"west":{"uv":[12.0,6.375,12.75,6.375],"rotation":0,"texture":"#0","tintindex":0},"up":{"uv":[8.375,6.125,7.875,5.375],"rotation":0,"texture":"#0","tintindex":0},"down":{"uv":[8.375,5.375,7.875,6.125],"rotation":0,"texture":"#0","tintindex":0}}},{"from":[10.731503,10.779644,6.498971],"to":[13.017217,10.779644,9.927543],"rotation":{"angle":-45.0,"axis":"z","origin":[11.874359,10.779644,8.213257]},"faces":{"east":{"uv":[12.0,6.125,12.75,6.125],"rotation":0,"texture":"#0","tintindex":0},"south":{"uv":[12.0,6.25,12.5,6.25],"rotation":0,"texture":"#0","tintindex":0},"north":{"uv":[12.0,6.0,12.5,6.0],"rotation":0,"texture":"#0","tintindex":0},"west":{"uv":[12.0,6.375,12.75,6.375],"rotation":0,"texture":"#0","tintindex":0},"up":{"uv":[8.375,6.125,7.875,5.375],"rotation":0,"texture":"#0","tintindex":0},"down":{"uv":[8.375,5.375,7.875,6.125],"rotation":0,"texture":"#0","tintindex":0}}},{"from":[7.7010446,3.4634714,9.927543],"to":[9.986759,12.034901,9.927543],"rotation":{"angle":-45.0,"axis":"z","origin":[8.843902,7.7491856,9.927543]},"faces":{"east":{"uv":[3.375,12.0,3.375,13.875],"rotation":0,"texture":"#0","tintindex":0},"south":{"uv":[4.25,3.0,3.75,4.875],"rotation":0,"texture":"#0","tintindex":0},"north":{"uv":[3.75,3.0,4.25,4.875],"rotation":0,"texture":"#0","tintindex":0},"west":{"uv":[3.75,12.0,3.75,13.875],"rotation":0,"texture":"#0","tintindex":0},"up":{"uv":[5.0,12.0,4.5,12.0],"rotation":0,"texture":"#0","tintindex":0},"down":{"uv":[12.5,5.125,12.0,5.125],"rotation":0,"texture":"#0","tintindex":0}}},{"from":[7.7010446,3.4634714,6.498971],"to":[9.986759,12.034901,6.498971],"rotation":{"angle":-45.0,"axis":"z","origin":[8.843902,7.7491856,6.498971]},"faces":{"east":{"uv":[3.375,12.0,3.375,13.875],"rotation":0,"texture":"#0","tintindex":0},"south":{"uv":[4.25,3.0,3.75,4.875],"rotation":0,"texture":"#0","tintindex":0},"north":{"uv":[3.75,3.0,4.25,4.875],"rotation":0,"texture":"#0","tintindex":0},"west":{"uv":[3.75,12.0,3.75,13.875],"rotation":0,"texture":"#0","tintindex":0},"up":{"uv":[5.0,12.0,4.5,12.0],"rotation":0,"texture":"#0","tintindex":0},"down":{"uv":[12.5,5.125,12.0,5.125],"rotation":0,"texture":"#0","tintindex":0}}},{"from":[4.98952,7.4714346,6.703181],"to":[4.98952,8.614292,8.988895],"rotation":{"angle":0.0,"axis":"y","origin":[4.98952,8.042863,7.846038]},"faces":{"east":{"uv":[11.0,11.0,11.5,11.25],"rotation":0,"texture":"#0","tintindex":0},"south":{"uv":[7.0,11.875,7.0,12.125],"rotation":0,"texture":"#0","tintindex":0},"north":{"uv":[6.875,11.875,6.875,12.125],"rotation":0,"texture":"#0","tintindex":0},"west":{"uv":[11.125,3.0,11.625,3.25],"rotation":0,"texture":"#0","tintindex":0},"up":{"uv":[7.125,12.375,7.125,11.875],"rotation":0,"texture":"#0","tintindex":0},"down":{"uv":[8.375,11.875,8.375,12.375],"rotation":0,"texture":"#0","tintindex":0}}},{"from":[4.98952,7.4714346,6.703181],"to":[7.846663,8.614292,6.703181],"rotation":{"angle":0.0,"axis":"y","origin":[6.418092,8.042863,6.703181]},"faces":{"east":{"uv":[9.25,11.875,9.25,12.125],"rotation":0,"texture":"#0","tintindex":0},"south":{"uv":[10.25,9.875,10.875,10.125],"rotation":0,"texture":"#0","tintindex":0},"north":{"uv":[9.625,10.25,10.25,10.5],"rotation":0,"texture":"#0","tintindex":0},"west":{"uv":[9.375,11.875,9.375,12.125],"rotation":0,"texture":"#0","tintindex":0},"up":{"uv":[12.5,9.625,11.875,9.625],"rotation":0,"texture":"#0","tintindex":0},"down":{"uv":[12.5,9.75,11.875,9.75],"rotation":0,"texture":"#0","tintindex":0}}},{"from":[4.98952,7.4714346,8.988895],"to":[7.846663,8.614292,8.988895],"rotation":{"angle":0.0,"axis":"y","origin":[6.418092,8.042863,8.988895]},"faces":{"east":{"uv":[10.0,11.875,10.0,12.125],"rotation":0,"texture":"#0","tintindex":0},"south":{"uv":[2.625,10.375,3.25,10.625],"rotation":0,"texture":"#0","tintindex":0},"north":{"uv":[0.0,10.375,0.625,10.625],"rotation":0,"texture":"#0","tintindex":0},"west":{"uv":[10.125,11.875,10.125,12.125],"rotation":0,"texture":"#0","tintindex":0},"up":{"uv":[12.5,9.875,11.875,9.875],"rotation":0,"texture":"#0","tintindex":0},"down":{"uv":[12.5,10.125,11.875,10.125],"rotation":0,"texture":"#0","tintindex":0}}},{"from":[5.560949,9.18572,8.988895],"to":[7.846663,10.328577,8.988895],"rotation":{"angle":0.0,"axis":"y","origin":[6.703806,9.757149,8.988895]},"faces":{"east":{"uv":[11.875,10.25,11.875,10.5],"rotation":0,"texture":"#0","tintindex":0},"south":{"uv":[11.125,8.375,11.625,8.625],"rotation":0,"texture":"#0","tintindex":0},"north":{"uv":[8.375,11.125,8.875,11.375],"rotation":0,"texture":"#0","tintindex":0},"west":{"uv":[11.875,10.625,11.875,10.875],"rotation":0,"texture":"#0","tintindex":0},"up":{"uv":[12.375,11.0,11.875,11.0],"rotation":0,"texture":"#0","tintindex":0},"down":{"uv":[12.375,11.125,11.875,11.125],"rotation":0,"texture":"#0","tintindex":0}}},{"from":[5.560949,9.18572,6.703181],"to":[5.560949,10.328577,8.988895],"rotation":{"angle":0.0,"axis":"y","origin":[5.560949,9.757149,7.846038]},"faces":{"east":{"uv":[9.0,11.125,9.5,11.375],"rotation":0,"texture":"#0","tintindex":0},"south":{"uv":[11.875,11.625,11.875,11.875],"rotation":0,"texture":"#0","tintindex":0},"north":{"uv":[11.875,11.25,11.875,11.5],"rotation":0,"texture":"#0","tintindex":0},"west":{"uv":[11.25,0.375,11.75,0.625],"rotation":0,"texture":"#0","tintindex":0},"up":{"uv":[0.5,12.5,0.5,12.0],"rotation":0,"texture":"#0","tintindex":0},"down":{"uv":[0.625,12.0,0.625,12.5],"rotation":0,"texture":"#0","tintindex":0}}},{"from":[5.560949,9.18572,6.703181],"to":[7.846663,10.328577,6.703181],"rotation":{"angle":0.0,"axis":"y","origin":[6.703806,9.757149,6.703181]},"faces":{"east":{"uv":[12.0,0.0,12.0,0.25],"rotation":0,"texture":"#0","tintindex":0},"south":{"uv":[2.0,11.25,2.5,11.5],"rotation":0,"texture":"#0","tintindex":0},"north":{"uv":[11.25,1.25,11.75,1.5],"rotation":0,"texture":"#0","tintindex":0},"west":{"uv":[12.0,0.75,12.0,1.0],"rotation":0,"texture":"#0","tintindex":0},"up":{"uv":[12.5,1.25,12.0,1.25],"rotation":0,"texture":"#0","tintindex":0},"down":{"uv":[12.5,1.375,12.0,1.375],"rotation":0,"texture":"#0","tintindex":0}}},{"from":[9.560949,7.4714346,8.988895],"to":[12.418093,8.614292,8.988895],"rotation":{"angle":0.0,"axis":"y","origin":[10.989521,8.042863,8.988895]},"faces":{"east":{"uv":[7.375,8.125,7.375,8.375],"rotation":0,"texture":"#0","tintindex":0},"south":{"uv":[10.125,9.125,10.75,9.375],"rotation":0,"texture":"#0","tintindex":0},"north":{"uv":[10.125,8.75,10.75,9.0],"rotation":0,"texture":"#0","tintindex":0},"west":{"uv":[6.25,9.125,6.25,9.375],"rotation":0,"texture":"#0","tintindex":0},"up":{"uv":[11.375,4.5,10.75,4.5],"rotation":0,"texture":"#0","tintindex":0},"down":{"uv":[12.125,1.125,11.5,1.125],"rotation":0,"texture":"#0","tintindex":0}}},{"from":[12.418093,7.4714346,6.703181],"to":[12.418093,8.614292,8.988895],"rotation":{"angle":0.0,"axis":"y","origin":[12.418093,8.042863,7.846038]},"faces":{"east":{"uv":[10.875,10.25,11.375,10.5],"rotation":0,"texture":"#0","tintindex":0},"south":{"uv":[6.875,9.625,6.875,9.875],"rotation":0,"texture":"#0","tintindex":0},"north":{"uv":[9.5,9.0,9.5,9.25],"rotation":0,"texture":"#0","tintindex":0},"west":{"uv":[11.0,0.0,11.5,0.25],"rotation":0,"texture":"#0","tintindex":0},"up":{"uv":[11.125,12.25,11.125,11.75],"rotation":0,"texture":"#0","tintindex":0},"down":{"uv":[11.25,11.75,11.25,12.25],"rotation":0,"texture":"#0","tintindex":0}}},{"from":[9.560949,7.4714346,6.703181],"to":[12.418093,8.614292,6.703181],"rotation":{"angle":0.0,"axis":"y","origin":[10.989521,8.042863,6.703181]},"faces":{"east":{"uv":[7.5,10.125,7.5,10.375],"rotation":0,"texture":"#0","tintindex":0},"south":{"uv":[4.125,10.25,4.75,10.5],"rotation":0,"texture":"#0","tintindex":0},"north":{"uv":[10.25,1.625,10.875,1.875],"rotation":0,"texture":"#0","tintindex":0},"west":{"uv":[4.0,10.75,4.0,11.0],"rotation":0,"texture":"#0","tintindex":0},"up":{"uv":[12.25,3.875,11.625,3.875],"rotation":0,"texture":"#0","tintindex":0},"down":{"uv":[12.25,10.0,11.625,10.0],"rotation":0,"texture":"#0","tintindex":0}}},{"from":[9.560949,9.18572,6.703181],"to":[11.846663,10.328577,6.703181],"rotation":{"angle":0.0,"axis":"y","origin":[10.703806,9.757149,6.703181]},"faces":{"east":{"uv":[7.25,2.875,7.25,3.125],"rotation":0,"texture":"#0","tintindex":0},"south":{"uv":[10.75,4.125,11.25,4.375],"rotation":0,"texture":"#0","tintindex":0},"north":{"uv":[10.625,1.25,11.125,1.5],"rotation":0,"texture":"#0","tintindex":0},"west":{"uv":[7.25,3.25,7.25,3.5],"rotation":0,"texture":"#0","tintindex":0},"up":{"uv":[7.75,3.625,7.25,3.625],"rotation":0,"texture":"#0","tintindex":0},"down":{"uv":[9.0,3.25,8.5,3.25],"rotation":0,"texture":"#0","tintindex":0}}},{"from":[11.846663,9.18572,6.703181],"to":[11.846663,10.328577,8.988895],"rotation":{"angle":0.0,"axis":"y","origin":[11.846663,9.757149,7.846038]},"faces":{"east":{"uv":[10.75,6.5,11.25,6.75],"rotation":0,"texture":"#0","tintindex":0},"south":{"uv":[7.25,5.75,7.25,6.0],"rotation":0,"texture":"#0","tintindex":0},"north":{"uv":[7.25,5.375,7.25,5.625],"rotation":0,"texture":"#0","tintindex":0},"west":{"uv":[10.875,5.125,11.375,5.375],"rotation":0,"texture":"#0","tintindex":0},"up":{"uv":[1.75,7.875,1.75,7.375],"rotation":0,"texture":"#0","tintindex":0},"down":{"uv":[2.25,8.0,2.25,8.5],"rotation":0,"texture":"#0","tintindex":0}}},{"from":[9.560949,9.18572,8.988895],"to":[11.846663,10.328577,8.988895],"rotation":{"angle":0.0,"axis":"y","origin":[10.703806,9.757149,8.988895]},"faces":{"east":{"uv":[7.375,6.5,7.375,6.75],"rotation":0,"texture":"#0","tintindex":0},"south":{"uv":[10.875,9.0,11.375,9.25],"rotation":0,"texture":"#0","tintindex":0},"north":{"uv":[10.875,5.5,11.375,5.75],"rotation":0,"texture":"#0","tintindex":0},"west":{"uv":[3.875,7.75,3.875,8.0],"rotation":0,"texture":"#0","tintindex":0},"up":{"uv":[9.5,2.0,9.0,2.0],"rotation":0,"texture":"#0","tintindex":0},"down":{"uv":[9.75,3.625,9.25,3.625],"rotation":0,"texture":"#0","tintindex":0}}},{"from":[7.860949,7.3285775,7.988895],"to":[9.546663,10.757149,9.703181],"rotation":{"angle":0.0,"axis":"y","origin":[8.703806,9.042863,8.846038]},"faces":{"east":{"uv":[0.0,8.875,0.375,9.625],"rotation":0,"texture":"#0","tintindex":0},"south":{"uv":[9.0,0.75,9.375,1.5],"rotation":0,"texture":"#0","tintindex":0},"north":{"uv":[8.0,8.75,8.375,9.5],"rotation":0,"texture":"#0","tintindex":0},"west":{"uv":[1.75,9.0,2.125,9.75],"rotation":0,"texture":"#0","tintindex":0},"up":{"uv":[10.75,5.5,10.375,5.125],"rotation":0,"texture":"#0","tintindex":0},"down":{"uv":[10.75,5.625,10.375,6.0],"rotation":0,"texture":"#0","tintindex":0}}},{"from":[7.846663,10.385637,7.835465],"to":[9.560949,11.528494,9.54975],"rotation":{"angle":-22.5,"axis":"x","origin":[8.703806,10.957066,8.692608]},"faces":{"east":{"uv":[0.75,11.375,1.125,11.625],"rotation":0,"texture":"#0","tintindex":0},"south":{"uv":[1.25,11.375,1.625,11.625],"rotation":0,"texture":"#0","tintindex":0},"north":{"uv":[3.125,11.25,3.5,11.5],"rotation":0,"texture":"#0","tintindex":0},"west":{"uv":[11.375,4.0,11.75,4.25],"rotation":0,"texture":"#0","tintindex":0},"up":{"uv":[10.875,7.625,10.5,7.25],"rotation":0,"texture":"#0","tintindex":0},"down":{"uv":[4.5,10.625,4.125,11.0],"rotation":0,"texture":"#0","tintindex":0}}}],"display":{"head":{"translation":[0.0,-6.4,0.0],"scale":[4.0,4.0,4.0]}}}