{"textures":{"0":"modelengine:entity/skeleton_archer"},"elements":[{"from":[5.142857,5.1395774,8.024889],"to":[10.857143,7.996721,8.024889],"rotation":{"angle":0.0,"axis":"y","origin":[8.0,7.996721,8.024889]},"faces":{"east":{"uv":[4.0,11.875,4.0,12.5],"rotation":0,"texture":"#0","tintindex":0},"south":{"uv":[4.375,4.625,5.625,5.25],"rotation":0,"texture":"#0","tintindex":0},"north":{"uv":[4.625,2.25,5.875,2.875],"rotation":0,"texture":"#0","tintindex":0},"west":{"uv":[4.125,11.875,4.125,12.5],"rotation":0,"texture":"#0","tintindex":0},"up":{"uv":[13.125,0.375,11.875,0.375],"rotation":0,"texture":"#0","tintindex":0},"down":{"uv":[13.125,0.5,11.875,0.5],"rotation":0,"texture":"#0","tintindex":0}}}],"display":{"head":{"translation":[0.0,-6.4,0.0],"scale":[4.0,4.0,4.0]}}}