{"textures":{"0":"modelengine:entity/skeleton_archer"},"elements":[{"from":[5.142857,5.874296,7.5853057],"to":[10.857143,8.16001,7.5853057],"rotation":{"angle":22.5,"axis":"x","origin":[8.0,7.0171533,7.5853057]},"faces":{"east":{"uv":[11.875,1.25,11.875,1.75],"rotation":0,"texture":"#0","tintindex":0},"south":{"uv":[6.0,2.25,7.25,2.75],"rotation":0,"texture":"#0","tintindex":0},"north":{"uv":[5.625,1.625,6.875,2.125],"rotation":0,"texture":"#0","tintindex":0},"west":{"uv":[11.875,3.25,11.875,3.75],"rotation":0,"texture":"#0","tintindex":0},"up":{"uv":[13.0,5.0,11.75,5.0],"rotation":0,"texture":"#0","tintindex":0},"down":{"uv":[13.0,8.625,11.75,8.625],"rotation":0,"texture":"#0","tintindex":0}}}],"display":{"head":{"translation":[0.0,-6.4,0.0],"scale":[4.0,4.0,4.0]}}}