{"textures":{"0":"modelengine:entity/skeleton_archer"},"elements":[{"from":[6.418092,8.692155,3.8953085],"to":[10.989521,12.120727,8.466738],"rotation":{"angle":0.0,"axis":"y","origin":[8.703806,10.406441,6.181023]},"faces":{"east":{"uv":[4.25,5.375,5.25,6.125],"rotation":0,"texture":"#0","tintindex":0},"south":{"uv":[5.375,5.375,6.375,6.125],"rotation":0,"texture":"#0","tintindex":0},"north":{"uv":[3.125,5.0,4.125,5.75],"rotation":0,"texture":"#0","tintindex":0},"west":{"uv":[5.5,0.0,6.5,0.75],"rotation":0,"texture":"#0","tintindex":0},"up":{"uv":[3.125,1.0,2.125,0.0],"rotation":0,"texture":"#0","tintindex":0},"down":{"uv":[3.125,1.125,2.125,2.125],"rotation":0,"texture":"#0","tintindex":0}}},{"from":[6.1323776,12.406441,3.6095943],"to":[11.275235,12.406441,8.752452],"rotation":{"angle":0.0,"axis":"y","origin":[8.703806,12.406441,6.181023]},"faces":{"east":{"uv":[12.0,4.125,13.125,4.125],"rotation":0,"texture":"#0","tintindex":0},"south":{"uv":[12.0,4.25,13.125,4.25],"rotation":0,"texture":"#0","tintindex":0},"north":{"uv":[12.0,4.0,13.125,4.0],"rotation":0,"texture":"#0","tintindex":0},"west":{"uv":[12.0,4.375,13.125,4.375],"rotation":0,"texture":"#0","tintindex":0},"up":{"uv":[1.125,1.125,0.0,0.0],"rotation":0,"texture":"#0","tintindex":0},"down":{"uv":[1.125,1.25,0.0,2.375],"rotation":0,"texture":"#0","tintindex":0}}},{"from":[6.1323776,8.406441,3.6095943],"to":[11.275235,12.406441,3.6095943],"rotation":{"angle":0.0,"axis":"y","origin":[8.703806,10.406441,3.6095943]},"faces":{"east":{"uv":[2.875,12.0,2.875,12.875],"rotation":0,"texture":"#0","tintindex":0},"south":{"uv":[2.375,3.25,1.25,4.125],"rotation":0,"texture":"#0","tintindex":0},"north":{"uv":[1.25,3.25,2.375,4.125],"rotation":0,"texture":"#0","tintindex":0},"west":{"uv":[3.0,12.0,3.0,12.875],"rotation":0,"texture":"#0","tintindex":0},"up":{"uv":[13.125,4.5,12.0,4.5],"rotation":0,"texture":"#0","tintindex":0},"down":{"uv":[13.125,4.625,12.0,4.625],"rotation":0,"texture":"#0","tintindex":0}}},{"from":[11.275235,8.406441,3.6095943],"to":[11.275235,12.406441,8.752452],"rotation":{"angle":0.0,"axis":"y","origin":[11.275235,10.406441,6.181023]},"faces":{"east":{"uv":[2.125,2.25,3.25,3.125],"rotation":0,"texture":"#0","tintindex":0},"south":{"uv":[9.875,11.125,9.875,12.0],"rotation":0,"texture":"#0","tintindex":0},"north":{"uv":[7.75,11.125,7.75,12.0],"rotation":0,"texture":"#0","tintindex":0},"west":{"uv":[3.25,2.25,2.125,3.125],"rotation":0,"texture":"#0","tintindex":0},"up":{"uv":[9.5,12.625,9.5,11.5],"rotation":0,"texture":"#0","tintindex":0},"down":{"uv":[11.0,11.75,11.0,12.875],"rotation":0,"texture":"#0","tintindex":0}}},{"from":[6.1323776,8.406441,3.6095943],"to":[6.1323776,12.406441,8.752452],"rotation":{"angle":0.0,"axis":"y","origin":[6.1323776,10.406441,6.181023]},"faces":{"east":{"uv":[4.375,1.0,3.25,1.875],"rotation":0,"texture":"#0","tintindex":0},"south":{"uv":[2.625,12.0,2.625,12.875],"rotation":0,"texture":"#0","tintindex":0},"north":{"uv":[2.5,12.0,2.5,12.875],"rotation":0,"texture":"#0","tintindex":0},"west":{"uv":[3.25,1.0,4.375,1.875],"rotation":0,"texture":"#0","tintindex":0},"up":{"uv":[12.0,3.75,12.0,2.625],"rotation":0,"texture":"#0","tintindex":0},"down":{"uv":[2.75,12.0,2.75,13.125],"rotation":0,"texture":"#0","tintindex":0}}},{"from":[6.1323776,8.406441,8.752452],"to":[11.275235,12.406441,8.752452],"rotation":{"angle":0.0,"axis":"y","origin":[8.703806,10.406441,8.752452]},"faces":{"east":{"uv":[3.125,12.0,3.125,12.875],"rotation":0,"texture":"#0","tintindex":0},"south":{"uv":[0.0,3.5,1.125,4.375],"rotation":0,"texture":"#0","tintindex":0},"north":{"uv":[1.125,3.5,0.0,4.375],"rotation":0,"texture":"#0","tintindex":0},"west":{"uv":[3.25,12.0,3.25,12.875],"rotation":0,"texture":"#0","tintindex":0},"up":{"uv":[13.125,4.75,12.0,4.75],"rotation":0,"texture":"#0","tintindex":0},"down":{"uv":[13.125,4.875,12.0,4.875],"rotation":0,"texture":"#0","tintindex":0}}},{"from":[7.2752347,8.120727,3.8953085],"to":[7.846663,8.692155,3.8953085],"rotation":{"angle":0.0,"axis":"y","origin":[7.560949,8.406441,3.8953085]},"faces":{"east":{"uv":[8.375,10.875,8.375,11.0],"rotation":0,"texture":"#0","tintindex":0},"south":{"uv":[11.5,2.75,11.625,2.875],"rotation":0,"texture":"#0","tintindex":0},"north":{"uv":[11.375,3.375,11.5,3.5],"rotation":0,"texture":"#0","tintindex":0},"west":{"uv":[11.25,6.25,11.25,6.375],"rotation":0,"texture":"#0","tintindex":0},"up":{"uv":[9.25,7.375,9.125,7.375],"rotation":0,"texture":"#0","tintindex":0},"down":{"uv":[9.375,0.625,9.25,0.625],"rotation":0,"texture":"#0","tintindex":0}}},{"from":[9.560949,8.120727,3.8953085],"to":[10.132378,8.692155,3.8953085],"rotation":{"angle":0.0,"axis":"y","origin":[9.846663,8.406441,3.8953085]},"faces":{"east":{"uv":[4.25,5.0,4.25,5.125],"rotation":0,"texture":"#0","tintindex":0},"south":{"uv":[0.5,10.125,0.625,10.25],"rotation":0,"texture":"#0","tintindex":0},"north":{"uv":[9.875,8.75,10.0,8.875],"rotation":0,"texture":"#0","tintindex":0},"west":{"uv":[5.5,0.875,5.5,1.0],"rotation":0,"texture":"#0","tintindex":0},"up":{"uv":[0.125,6.125,0.0,6.125],"rotation":0,"texture":"#0","tintindex":0},"down":{"uv":[0.375,6.125,0.25,6.125],"rotation":0,"texture":"#0","tintindex":0}}}],"display":{"head":{"translation":[0.0,-6.4,0.0],"scale":[4.0,4.0,4.0]}}}