{"textures":{"0":"modelengine:entity/skeleton_archer"},"elements":[{"from":[6.703806,5.5818434,3.9643745],"to":[10.703806,7.296129,8.535804],"rotation":{"angle":-22.5,"axis":"x","origin":[8.703806,6.4389863,6.250089]},"faces":{"east":{"uv":[0.75,6.875,1.75,7.25],"rotation":0,"texture":"#0","tintindex":0},"south":{"uv":[8.0,6.25,8.875,6.625],"rotation":0,"texture":"#0","tintindex":0},"north":{"uv":[8.0,0.875,8.875,1.25],"rotation":0,"texture":"#0","tintindex":0},"west":{"uv":[6.875,0.875,7.875,1.25],"rotation":0,"texture":"#0","tintindex":0},"up":{"uv":[5.375,1.0,4.5,0.0],"rotation":0,"texture":"#0","tintindex":0},"down":{"uv":[5.5,1.125,4.625,2.125],"rotation":0,"texture":"#0","tintindex":0}}},{"from":[10.132378,6.3344293,3.7010121],"to":[10.703806,6.905858,3.7010121],"rotation":{"angle":-22.5,"axis":"x","origin":[10.418092,6.620144,3.7010121]},"faces":{"east":{"uv":[3.25,2.0,3.25,2.125],"rotation":0,"texture":"#0","tintindex":0},"south":{"uv":[9.625,7.25,9.75,7.375],"rotation":0,"texture":"#0","tintindex":0},"north":{"uv":[2.625,9.375,2.75,9.5],"rotation":0,"texture":"#0","tintindex":0},"west":{"uv":[4.5,1.125,4.5,1.25],"rotation":0,"texture":"#0","tintindex":0},"up":{"uv":[5.25,4.5,5.125,4.5],"rotation":0,"texture":"#0","tintindex":0},"down":{"uv":[5.5,4.5,5.375,4.5],"rotation":0,"texture":"#0","tintindex":0}}},{"from":[10.703806,6.4437675,3.679263],"to":[10.703806,7.0151963,4.2506914],"rotation":{"angle":-22.5,"axis":"x","origin":[10.703806,6.7294817,3.9649773]},"faces":{"east":{"uv":[2.0,11.0,2.125,11.125],"rotation":0,"texture":"#0","tintindex":0},"south":{"uv":[6.875,4.25,6.875,4.375],"rotation":0,"texture":"#0","tintindex":0},"north":{"uv":[6.875,1.375,6.875,1.5],"rotation":0,"texture":"#0","tintindex":0},"west":{"uv":[11.0,6.25,11.125,6.375],"rotation":0,"texture":"#0","tintindex":0},"up":{"uv":[3.375,7.625,3.375,7.5],"rotation":0,"texture":"#0","tintindex":0},"down":{"uv":[7.875,6.25,7.875,6.375],"rotation":0,"texture":"#0","tintindex":0}}},{"from":[8.132378,6.3344293,3.7010121],"to":[9.275234,6.905858,3.7010121],"rotation":{"angle":-22.5,"axis":"x","origin":[8.703806,6.620144,3.7010121]},"faces":{"east":{"uv":[4.5,1.375,4.5,1.5],"rotation":0,"texture":"#0","tintindex":0},"south":{"uv":[6.5,4.25,6.75,4.375],"rotation":0,"texture":"#0","tintindex":0},"north":{"uv":[3.375,3.0,3.625,3.125],"rotation":0,"texture":"#0","tintindex":0},"west":{"uv":[4.5,1.625,4.5,1.75],"rotation":0,"texture":"#0","tintindex":0},"up":{"uv":[6.0,5.25,5.75,5.25],"rotation":0,"texture":"#0","tintindex":0},"down":{"uv":[6.25,2.875,6.0,2.875],"rotation":0,"texture":"#0","tintindex":0}}},{"from":[6.703806,6.3344293,3.7010121],"to":[7.2752347,6.905858,3.7010121],"rotation":{"angle":-22.5,"axis":"x","origin":[6.98952,6.620144,3.7010121]},"faces":{"east":{"uv":[7.875,10.625,7.875,10.75],"rotation":0,"texture":"#0","tintindex":0},"south":{"uv":[11.25,2.75,11.375,2.875],"rotation":0,"texture":"#0","tintindex":0},"north":{"uv":[11.25,0.75,11.375,0.875],"rotation":0,"texture":"#0","tintindex":0},"west":{"uv":[10.875,5.875,10.875,6.0],"rotation":0,"texture":"#0","tintindex":0},"up":{"uv":[0.625,6.125,0.5,6.125],"rotation":0,"texture":"#0","tintindex":0},"down":{"uv":[0.625,8.375,0.5,8.375],"rotation":0,"texture":"#0","tintindex":0}}},{"from":[6.703806,6.4437675,3.679263],"to":[6.703806,7.0151963,4.2506914],"rotation":{"angle":-22.5,"axis":"x","origin":[6.703806,6.7294817,3.9649773]},"faces":{"east":{"uv":[11.125,3.375,11.25,3.5],"rotation":0,"texture":"#0","tintindex":0},"south":{"uv":[3.25,8.625,3.25,8.75],"rotation":0,"texture":"#0","tintindex":0},"north":{"uv":[7.375,8.5,7.375,8.625],"rotation":0,"texture":"#0","tintindex":0},"west":{"uv":[11.125,8.75,11.25,8.875],"rotation":0,"texture":"#0","tintindex":0},"up":{"uv":[9.0,6.625,9.0,6.5],"rotation":0,"texture":"#0","tintindex":0},"down":{"uv":[10.125,9.5,10.125,9.625],"rotation":0,"texture":"#0","tintindex":0}}}],"display":{"head":{"translation":[0.0,-6.4,0.0],"scale":[4.0,4.0,4.0]}}}