{"textures":{"0":"modelengine:entity/skeleton_archer"},"elements":[{"from":[7.141065,3.6813269,6.3231273],"to":[8.8553505,8.252756,8.037413],"rotation":{"angle":22.5,"axis":"x","origin":[7.998208,5.9670415,7.18027]},"faces":{"east":{"uv":[3.375,7.75,3.75,8.75],"rotation":0,"texture":"#0","tintindex":0},"south":{"uv":[7.75,4.25,8.125,5.25],"rotation":0,"texture":"#0","tintindex":0},"north":{"uv":[0.0,7.75,0.375,8.75],"rotation":0,"texture":"#0","tintindex":0},"west":{"uv":[7.875,1.375,8.25,2.375],"rotation":0,"texture":"#0","tintindex":0},"up":{"uv":[2.625,11.125,2.25,10.75],"rotation":0,"texture":"#0","tintindex":0},"down":{"uv":[11.125,2.5,10.75,2.875],"rotation":0,"texture":"#0","tintindex":0}}}],"display":{"head":{"translation":[0.0,-6.4,0.0],"scale":[4.0,4.0,4.0]}}}