{"textures":{"0":"modelengine:entity/skeleton_archer"},"elements":[{"from":[5.8920774,7.130985,6.505446],"to":[9.320649,8.84527,9.362589],"rotation":{"angle":22.5,"axis":"z","origin":[7.5950227,7.9105716,8.787569]},"faces":{"east":{"uv":[9.625,4.875,10.25,5.25],"rotation":0,"texture":"#0","tintindex":0},"south":{"uv":[5.375,9.125,6.125,9.5],"rotation":0,"texture":"#0","tintindex":0},"north":{"uv":[4.5,9.125,5.25,9.5],"rotation":0,"texture":"#0","tintindex":0},"west":{"uv":[9.75,2.0,10.375,2.375],"rotation":0,"texture":"#0","tintindex":0},"up":{"uv":[3.875,6.5,3.125,5.875],"rotation":0,"texture":"#0","tintindex":0},"down":{"uv":[4.75,6.25,4.0,6.875],"rotation":0,"texture":"#0","tintindex":0}}},{"from":[5.689453,3.4425187,7.0768747],"to":[7.403739,8.0139475,8.791161],"rotation":{"angle":-22.5,"axis":"z","origin":[6.593417,5.665374,8.787569]},"faces":{"east":{"uv":[7.375,1.375,7.75,2.375],"rotation":0,"texture":"#0","tintindex":0},"south":{"uv":[7.375,2.5,7.75,3.5],"rotation":0,"texture":"#0","tintindex":0},"north":{"uv":[1.25,7.375,1.625,8.375],"rotation":0,"texture":"#0","tintindex":0},"west":{"uv":[7.375,5.375,7.75,6.375],"rotation":0,"texture":"#0","tintindex":0},"up":{"uv":[9.375,11.0,9.0,10.625],"rotation":0,"texture":"#0","tintindex":0},"down":{"uv":[9.875,10.625,9.5,11.0],"rotation":0,"texture":"#0","tintindex":0}}},{"from":[5.0302486,7.3890347,7.0768747],"to":[7.315963,9.103321,8.791161],"rotation":{"angle":-22.5,"axis":"z","origin":[6.219927,8.183318,8.787569]},"faces":{"east":{"uv":[2.75,10.75,3.125,11.125],"rotation":0,"texture":"#0","tintindex":0},"south":{"uv":[10.125,4.125,10.625,4.5],"rotation":0,"texture":"#0","tintindex":0},"north":{"uv":[10.125,0.5,10.625,0.875],"rotation":0,"texture":"#0","tintindex":0},"west":{"uv":[3.25,10.75,3.625,11.125],"rotation":0,"texture":"#0","tintindex":0},"up":{"uv":[10.625,6.875,10.125,6.5],"rotation":0,"texture":"#0","tintindex":0},"down":{"uv":[7.375,10.125,6.875,10.5],"rotation":0,"texture":"#0","tintindex":0}}},{"from":[4.01966,8.364942,7.362589],"to":[5.733946,9.507799,8.505446],"rotation":{"angle":-45.0,"axis":"z","origin":[4.9441156,8.896214,8.787569]},"faces":{"east":{"uv":[11.5,8.75,11.75,9.0],"rotation":0,"texture":"#0","tintindex":0},"south":{"uv":[11.5,0.75,11.875,1.0],"rotation":0,"texture":"#0","tintindex":0},"north":{"uv":[11.0,11.375,11.375,11.625],"rotation":0,"texture":"#0","tintindex":0},"west":{"uv":[9.125,11.5,9.375,11.75],"rotation":0,"texture":"#0","tintindex":0},"up":{"uv":[4.375,11.75,4.0,11.5],"rotation":0,"texture":"#0","tintindex":0},"down":{"uv":[11.875,4.375,11.5,4.625],"rotation":0,"texture":"#0","tintindex":0}}},{"from":[4.2901063,9.272278,7.648303],"to":[4.861535,11.557993,8.219731],"rotation":{"angle":0.0,"axis":"y","origin":[4.595022,10.339143,8.787569]},"faces":{"east":{"uv":[7.25,11.5,7.375,12.0],"rotation":0,"texture":"#0","tintindex":0},"south":{"uv":[11.5,11.375,11.625,11.875],"rotation":0,"texture":"#0","tintindex":0},"north":{"uv":[5.625,11.5,5.75,12.0],"rotation":0,"texture":"#0","tintindex":0},"west":{"uv":[11.625,1.625,11.75,2.125],"rotation":0,"texture":"#0","tintindex":0},"up":{"uv":[11.875,2.375,11.75,2.25],"rotation":0,"texture":"#0","tintindex":0},"down":{"uv":[11.875,2.5,11.75,2.625],"rotation":0,"texture":"#0","tintindex":0}}}],"display":{"head":{"translation":[0.0,-6.4,0.0],"scale":[4.0,4.0,4.0]}}}