{"textures":{"0":"modelengine:entity/skeleton_archer"},"elements":[{"from":[7.3131757,6.223949,6.521955],"to":[9.027461,7.938235,8.80767],"rotation":{"angle":22.5,"axis":"x","origin":[8.189521,6.8580365,8.492201]},"faces":{"east":{"uv":[9.875,3.625,10.375,4.0],"rotation":0,"texture":"#0","tintindex":0},"south":{"uv":[6.875,10.625,7.25,11.0],"rotation":0,"texture":"#0","tintindex":0},"north":{"uv":[5.625,10.625,6.0,11.0],"rotation":0,"texture":"#0","tintindex":0},"west":{"uv":[9.875,7.25,10.375,7.625],"rotation":0,"texture":"#0","tintindex":0},"up":{"uv":[2.125,10.375,1.75,9.875],"rotation":0,"texture":"#0","tintindex":0},"down":{"uv":[10.25,7.75,9.875,8.25],"rotation":0,"texture":"#0","tintindex":0}}}],"display":{"head":{"translation":[0.0,-6.4,0.0],"scale":[4.0,4.0,4.0]}}}