{"textures":{"0":"modelengine:entity/skeleton_archer"},"elements":[{"from":[7.2895203,3.7849298,8.006234],"to":[8.975235,8.356359,9.72052],"rotation":{"angle":-22.5,"axis":"x","origin":[8.132378,6.0706444,8.863378]},"faces":{"east":{"uv":[2.875,7.5,3.25,8.5],"rotation":0,"texture":"#0","tintindex":0},"south":{"uv":[7.5,6.5,7.875,7.5],"rotation":0,"texture":"#0","tintindex":0},"north":{"uv":[2.375,7.5,2.75,8.5],"rotation":0,"texture":"#0","tintindex":0},"west":{"uv":[7.5,7.625,7.875,8.625],"rotation":0,"texture":"#0","tintindex":0},"up":{"uv":[0.375,11.125,0.0,10.75],"rotation":0,"texture":"#0","tintindex":0},"down":{"uv":[11.125,0.5,10.75,0.875],"rotation":0,"texture":"#0","tintindex":0}}},{"from":[6.98952,4.9060383,7.611182],"to":[9.275234,7.763181,9.896896],"rotation":{"angle":-22.5,"axis":"x","origin":[8.132378,6.33461,8.754039]},"faces":{"east":{"uv":[1.125,8.5,1.625,9.125],"rotation":0,"texture":"#0","tintindex":0},"south":{"uv":[8.5,5.375,9.0,6.0],"rotation":0,"texture":"#0","tintindex":0},"north":{"uv":[0.5,8.5,1.0,9.125],"rotation":0,"texture":"#0","tintindex":0},"west":{"uv":[8.5,6.75,9.0,7.375],"rotation":0,"texture":"#0","tintindex":0},"up":{"uv":[10.0,4.75,9.5,4.25],"rotation":0,"texture":"#0","tintindex":0},"down":{"uv":[7.5,9.5,7.0,10.0],"rotation":0,"texture":"#0","tintindex":0}}}],"display":{"head":{"translation":[0.0,-6.4,0.0],"scale":[4.0,4.0,4.0]}}}