{"textures":{"0":"modelengine:entity/skeleton_archer"},"elements":[{"from":[6.8233795,4.5367365,6.1430626],"to":[9.109094,7.3938794,8.428778],"rotation":{"angle":22.5,"axis":"x","origin":[7.985439,5.926619,8.1419735]},"faces":{"east":{"uv":[6.375,8.125,6.875,8.75],"rotation":0,"texture":"#0","tintindex":0},"south":{"uv":[8.25,4.25,8.75,4.875],"rotation":0,"texture":"#0","tintindex":0},"north":{"uv":[3.125,4.25,3.625,4.875],"rotation":0,"texture":"#0","tintindex":0},"west":{"uv":[8.375,1.375,8.875,2.0],"rotation":0,"texture":"#0","tintindex":0},"up":{"uv":[9.75,0.5,9.25,0.0],"rotation":0,"texture":"#0","tintindex":0},"down":{"uv":[10.0,0.625,9.5,1.125],"rotation":0,"texture":"#0","tintindex":0}}},{"from":[7.109094,3.9653077,6.428777],"to":[8.8233795,7.9653077,8.143063],"rotation":{"angle":22.5,"axis":"x","origin":[7.985439,5.926619,8.1419735]},"faces":{"east":{"uv":[4.875,8.125,5.25,9.0],"rotation":0,"texture":"#0","tintindex":0},"south":{"uv":[5.375,8.125,5.75,9.0],"rotation":0,"texture":"#0","tintindex":0},"north":{"uv":[4.375,8.125,4.75,9.0],"rotation":0,"texture":"#0","tintindex":0},"west":{"uv":[5.875,8.125,6.25,9.0],"rotation":0,"texture":"#0","tintindex":0},"up":{"uv":[7.75,11.0,7.375,10.625],"rotation":0,"texture":"#0","tintindex":0},"down":{"uv":[8.875,10.625,8.5,11.0],"rotation":0,"texture":"#0","tintindex":0}}}],"display":{"head":{"translation":[0.0,-6.4,0.0],"scale":[4.0,4.0,4.0]}}}