{"textures":{"0":"modelengine:entity/skeleton_archer"},"elements":[{"from":[7.2752347,6.9978256,5.4563103],"to":[8.98952,8.140682,8.884882],"rotation":{"angle":0.0,"axis":"y","origin":[8.132378,7.569254,7.170596]},"faces":{"east":{"uv":[9.875,8.375,10.625,8.625],"rotation":0,"texture":"#0","tintindex":0},"south":{"uv":[11.375,6.625,11.75,6.875],"rotation":0,"texture":"#0","tintindex":0},"north":{"uv":[11.375,6.25,11.75,6.5],"rotation":0,"texture":"#0","tintindex":0},"west":{"uv":[3.25,10.0,4.0,10.25],"rotation":0,"texture":"#0","tintindex":0},"up":{"uv":[9.5,7.25,9.125,6.5],"rotation":0,"texture":"#0","tintindex":0},"down":{"uv":[0.875,9.25,0.5,10.0],"rotation":0,"texture":"#0","tintindex":0}}}],"display":{"head":{"translation":[0.0,-6.4,0.0],"scale":[4.0,4.0,4.0]}}}