{"textures":{"0":"modelengine:entity/skeleton_archer"},"elements":[{"from":[7.2895203,3.624648,7.883246],"to":[8.975235,8.196077,9.597532],"rotation":{"angle":-22.5,"axis":"x","origin":[8.132378,5.9103622,8.740389]},"faces":{"east":{"uv":[5.0,7.0,5.375,8.0],"rotation":0,"texture":"#0","tintindex":0},"south":{"uv":[5.5,7.0,5.875,8.0],"rotation":0,"texture":"#0","tintindex":0},"north":{"uv":[4.5,7.0,4.875,8.0],"rotation":0,"texture":"#0","tintindex":0},"west":{"uv":[6.0,7.0,6.375,8.0],"rotation":0,"texture":"#0","tintindex":0},"up":{"uv":[1.625,10.875,1.25,10.5],"rotation":0,"texture":"#0","tintindex":0},"down":{"uv":[2.125,10.5,1.75,10.875],"rotation":0,"texture":"#0","tintindex":0}}},{"from":[6.98952,4.7457566,7.4881935],"to":[9.275234,7.6028996,9.773908],"rotation":{"angle":-22.5,"axis":"x","origin":[8.132378,6.1743283,8.631051]},"faces":{"east":{"uv":[6.375,8.875,6.875,9.5],"rotation":0,"texture":"#0","tintindex":0},"south":{"uv":[8.875,7.875,9.375,8.5],"rotation":0,"texture":"#0","tintindex":0},"north":{"uv":[8.875,4.25,9.375,4.875],"rotation":0,"texture":"#0","tintindex":0},"west":{"uv":[8.875,8.625,9.375,9.25],"rotation":0,"texture":"#0","tintindex":0},"up":{"uv":[5.625,10.125,5.125,9.625],"rotation":0,"texture":"#0","tintindex":0},"down":{"uv":[6.25,9.625,5.75,10.125],"rotation":0,"texture":"#0","tintindex":0}}}],"display":{"head":{"translation":[0.0,-6.4,0.0],"scale":[4.0,4.0,4.0]}}}