{"textures":{"0":"modelengine:entity/skeleton_archer"},"elements":[{"from":[7.222263,6.2330427,6.5353374],"to":[8.936549,7.9473286,8.821052],"rotation":{"angle":22.5,"axis":"x","origin":[8.004146,7.017934,8.528964]},"faces":{"east":{"uv":[9.625,9.75,10.125,10.125],"rotation":0,"texture":"#0","tintindex":0},"south":{"uv":[0.75,10.5,1.125,10.875],"rotation":0,"texture":"#0","tintindex":0},"north":{"uv":[10.5,0.0,10.875,0.375],"rotation":0,"texture":"#0","tintindex":0},"west":{"uv":[9.875,0.0,10.375,0.375],"rotation":0,"texture":"#0","tintindex":0},"up":{"uv":[1.125,6.125,0.75,5.625],"rotation":0,"texture":"#0","tintindex":0},"down":{"uv":[0.375,9.75,0.0,10.25],"rotation":0,"texture":"#0","tintindex":0}}}],"display":{"head":{"translation":[0.0,-6.4,0.0],"scale":[4.0,4.0,4.0]}}}