{"textures":{"0":"modelengine:entity/skeleton_archer"},"elements":[{"from":[8.171072,4.1899405,6.9143276],"to":[9.885358,8.76137,8.628613],"rotation":{"angle":22.5,"axis":"z","origin":[9.005751,6.4044075,8.625352]},"faces":{"east":{"uv":[3.5,6.625,3.875,7.625],"rotation":0,"texture":"#0","tintindex":0},"south":{"uv":[1.875,6.875,2.25,7.875],"rotation":0,"texture":"#0","tintindex":0},"north":{"uv":[0.75,4.5,1.125,5.5],"rotation":0,"texture":"#0","tintindex":0},"west":{"uv":[4.0,7.0,4.375,8.0],"rotation":0,"texture":"#0","tintindex":0},"up":{"uv":[8.375,10.75,8.0,10.375],"rotation":0,"texture":"#0","tintindex":0},"down":{"uv":[10.75,10.25,10.375,10.625],"rotation":0,"texture":"#0","tintindex":0}}}],"display":{"head":{"translation":[0.0,-6.4,0.0],"scale":[4.0,4.0,4.0]}}}