{"textures":{"0":"modelengine:entity/skeleton_archer"},"elements":[{"from":[7.143455,4.020654,6.397135],"to":[8.857741,8.020655,8.111421],"rotation":{"angle":22.5,"axis":"x","origin":[7.9003506,6.0671477,8.104267]},"faces":{"east":{"uv":[8.0,6.75,8.375,7.625],"rotation":0,"texture":"#0","tintindex":0},"south":{"uv":[8.0,7.75,8.375,8.625],"rotation":0,"texture":"#0","tintindex":0},"north":{"uv":[1.75,8.0,2.125,8.875],"rotation":0,"texture":"#0","tintindex":0},"west":{"uv":[3.875,8.125,4.25,9.0],"rotation":0,"texture":"#0","tintindex":0},"up":{"uv":[6.75,10.75,6.375,10.375],"rotation":0,"texture":"#0","tintindex":0},"down":{"uv":[10.75,7.75,10.375,8.125],"rotation":0,"texture":"#0","tintindex":0}}},{"from":[6.857741,4.592083,6.11142],"to":[9.1434555,7.449226,8.397135],"rotation":{"angle":22.5,"axis":"x","origin":[7.9003506,6.0671477,8.104267]},"faces":{"east":{"uv":[2.25,8.625,2.75,9.25],"rotation":0,"texture":"#0","tintindex":0},"south":{"uv":[7.375,8.75,7.875,9.375],"rotation":0,"texture":"#0","tintindex":0},"north":{"uv":[8.625,0.0,9.125,0.625],"rotation":0,"texture":"#0","tintindex":0},"west":{"uv":[2.875,8.875,3.375,9.5],"rotation":0,"texture":"#0","tintindex":0},"up":{"uv":[3.125,10.125,2.625,9.625],"rotation":0,"texture":"#0","tintindex":0},"down":{"uv":[5.0,9.625,4.5,10.125],"rotation":0,"texture":"#0","tintindex":0}}}],"display":{"head":{"translation":[0.0,-6.4,0.0],"scale":[4.0,4.0,4.0]}}}