{"textures":{"0":"modelengine:entity/skeleton_archer"},"elements":[{"from":[7.1216917,3.8302794,6.43678],"to":[8.835978,8.401709,8.151066],"rotation":{"angle":22.5,"axis":"x","origin":[7.9788346,6.115994,7.293923]},"faces":{"east":{"uv":[7.0,7.0,7.375,8.0],"rotation":0,"texture":"#0","tintindex":0},"south":{"uv":[7.25,4.25,7.625,5.25],"rotation":0,"texture":"#0","tintindex":0},"north":{"uv":[6.5,7.0,6.875,8.0],"rotation":0,"texture":"#0","tintindex":0},"west":{"uv":[0.75,7.375,1.125,8.375],"rotation":0,"texture":"#0","tintindex":0},"up":{"uv":[10.875,2.375,10.5,2.0],"rotation":0,"texture":"#0","tintindex":0},"down":{"uv":[10.875,3.625,10.5,4.0],"rotation":0,"texture":"#0","tintindex":0}}}],"display":{"head":{"translation":[0.0,-6.4,0.0],"scale":[4.0,4.0,4.0]}}}