{"textures":{"0":"modelengine:entity/skeleton_archer"},"elements":[{"from":[7.2323775,6.9409,5.45133],"to":[8.946663,8.083757,8.879902],"rotation":{"angle":0.0,"axis":"y","origin":[8.08952,7.5123286,7.165616]},"faces":{"east":{"uv":[9.875,2.5,10.625,2.75],"rotation":0,"texture":"#0","tintindex":0},"south":{"uv":[2.625,11.25,3.0,11.5],"rotation":0,"texture":"#0","tintindex":0},"north":{"uv":[11.25,2.375,11.625,2.625],"rotation":0,"texture":"#0","tintindex":0},"west":{"uv":[9.875,2.875,10.625,3.125],"rotation":0,"texture":"#0","tintindex":0},"up":{"uv":[3.875,9.875,3.5,9.125],"rotation":0,"texture":"#0","tintindex":0},"down":{"uv":[4.375,9.125,4.0,9.875],"rotation":0,"texture":"#0","tintindex":0}}}],"display":{"head":{"translation":[0.0,-6.4,0.0],"scale":[4.0,4.0,4.0]}}}