{"textures":{"0":"modelengine:entity/skeleton_archer"},"elements":[{"from":[5.560949,9.350896,6.4023733],"to":[7.846663,10.4937525,6.4023733],"rotation":{"angle":0.0,"axis":"y","origin":[6.703806,9.922324,6.4023733]},"faces":{"east":{"uv":[11.875,8.25,11.875,8.5],"rotation":0,"texture":"#0","tintindex":0},"south":{"uv":[4.625,11.125,5.125,11.375],"rotation":0,"texture":"#0","tintindex":0},"north":{"uv":[4.0,11.125,4.5,11.375],"rotation":0,"texture":"#0","tintindex":0},"west":{"uv":[8.5,11.875,8.5,12.125],"rotation":0,"texture":"#0","tintindex":0},"up":{"uv":[12.375,7.25,11.875,7.25],"rotation":0,"texture":"#0","tintindex":0},"down":{"uv":[12.375,7.375,11.875,7.375],"rotation":0,"texture":"#0","tintindex":0}}},{"from":[5.560949,9.350896,6.4023733],"to":[5.560949,10.4937525,8.688087],"rotation":{"angle":0.0,"axis":"y","origin":[5.560949,9.922324,7.5452304]},"faces":{"east":{"uv":[5.25,11.125,5.75,11.375],"rotation":0,"texture":"#0","tintindex":0},"south":{"uv":[8.75,11.875,8.75,12.125],"rotation":0,"texture":"#0","tintindex":0},"north":{"uv":[8.625,11.875,8.625,12.125],"rotation":0,"texture":"#0","tintindex":0},"west":{"uv":[6.875,11.125,7.375,11.375],"rotation":0,"texture":"#0","tintindex":0},"up":{"uv":[11.875,9.25,11.875,8.75],"rotation":0,"texture":"#0","tintindex":0},"down":{"uv":[8.875,11.875,8.875,12.375],"rotation":0,"texture":"#0","tintindex":0}}},{"from":[5.560949,9.350896,8.688087],"to":[7.846663,10.4937525,8.688087],"rotation":{"angle":0.0,"axis":"y","origin":[6.703806,9.922324,8.688087]},"faces":{"east":{"uv":[9.0,11.875,9.0,12.125],"rotation":0,"texture":"#0","tintindex":0},"south":{"uv":[11.125,8.0,11.625,8.25],"rotation":0,"texture":"#0","tintindex":0},"north":{"uv":[11.125,7.625,11.625,7.875],"rotation":0,"texture":"#0","tintindex":0},"west":{"uv":[9.125,11.875,9.125,12.125],"rotation":0,"texture":"#0","tintindex":0},"up":{"uv":[12.375,9.375,11.875,9.375],"rotation":0,"texture":"#0","tintindex":0},"down":{"uv":[12.375,9.5,11.875,9.5],"rotation":0,"texture":"#0","tintindex":0}}},{"from":[9.560949,9.350896,8.688087],"to":[11.846663,10.4937525,8.688087],"rotation":{"angle":0.0,"axis":"y","origin":[10.703806,9.922324,8.688087]},"faces":{"east":{"uv":[11.875,4.0,11.875,4.25],"rotation":0,"texture":"#0","tintindex":0},"south":{"uv":[11.0,5.875,11.5,6.125],"rotation":0,"texture":"#0","tintindex":0},"north":{"uv":[11.0,3.625,11.5,3.875],"rotation":0,"texture":"#0","tintindex":0},"west":{"uv":[5.375,11.875,5.375,12.125],"rotation":0,"texture":"#0","tintindex":0},"up":{"uv":[3.125,10.25,2.625,10.25],"rotation":0,"texture":"#0","tintindex":0},"down":{"uv":[11.25,6.875,10.75,6.875],"rotation":0,"texture":"#0","tintindex":0}}},{"from":[11.846663,9.350896,6.4023733],"to":[11.846663,10.4937525,8.688087],"rotation":{"angle":0.0,"axis":"y","origin":[11.846663,9.922324,7.5452304]},"faces":{"east":{"uv":[11.0,7.25,11.5,7.5],"rotation":0,"texture":"#0","tintindex":0},"south":{"uv":[11.875,5.875,11.875,6.125],"rotation":0,"texture":"#0","tintindex":0},"north":{"uv":[5.5,11.875,5.5,12.125],"rotation":0,"texture":"#0","tintindex":0},"west":{"uv":[11.0,9.375,11.5,9.625],"rotation":0,"texture":"#0","tintindex":0},"up":{"uv":[6.125,12.375,6.125,11.875],"rotation":0,"texture":"#0","tintindex":0},"down":{"uv":[6.25,11.875,6.25,12.375],"rotation":0,"texture":"#0","tintindex":0}}},{"from":[9.560949,9.350896,6.4023733],"to":[11.846663,10.4937525,6.4023733],"rotation":{"angle":0.0,"axis":"y","origin":[10.703806,9.922324,6.4023733]},"faces":{"east":{"uv":[11.875,6.25,11.875,6.5],"rotation":0,"texture":"#0","tintindex":0},"south":{"uv":[11.0,10.625,11.5,10.875],"rotation":0,"texture":"#0","tintindex":0},"north":{"uv":[11.0,9.75,11.5,10.0],"rotation":0,"texture":"#0","tintindex":0},"west":{"uv":[11.875,6.625,11.875,6.875],"rotation":0,"texture":"#0","tintindex":0},"up":{"uv":[12.375,7.0,11.875,7.0],"rotation":0,"texture":"#0","tintindex":0},"down":{"uv":[12.375,7.125,11.875,7.125],"rotation":0,"texture":"#0","tintindex":0}}},{"from":[6.1323776,8.065181,9.973802],"to":[7.2752347,9.208038,9.973802],"rotation":{"angle":0.0,"axis":"y","origin":[6.703806,8.63661,9.973802]},"faces":{"east":{"uv":[12.0,1.5,12.0,1.75],"rotation":0,"texture":"#0","tintindex":0},"south":{"uv":[6.875,11.5,7.125,11.75],"rotation":0,"texture":"#0","tintindex":0},"north":{"uv":[11.5,5.5,11.75,5.75],"rotation":0,"texture":"#0","tintindex":0},"west":{"uv":[1.75,12.0,1.75,12.25],"rotation":0,"texture":"#0","tintindex":0},"up":{"uv":[10.625,8.25,10.375,8.25],"rotation":0,"texture":"#0","tintindex":0},"down":{"uv":[8.75,10.5,8.5,10.5],"rotation":0,"texture":"#0","tintindex":0}}},{"from":[6.1323776,8.065181,7.116659],"to":[6.1323776,9.208038,9.973802],"rotation":{"angle":0.0,"axis":"y","origin":[6.1323776,8.63661,8.545231]},"faces":{"east":{"uv":[10.375,3.25,11.0,3.5],"rotation":0,"texture":"#0","tintindex":0},"south":{"uv":[2.0,12.0,2.0,12.25],"rotation":0,"texture":"#0","tintindex":0},"north":{"uv":[1.875,12.0,1.875,12.25],"rotation":0,"texture":"#0","tintindex":0},"west":{"uv":[3.375,10.375,4.0,10.625],"rotation":0,"texture":"#0","tintindex":0},"up":{"uv":[2.125,12.625,2.125,12.0],"rotation":0,"texture":"#0","tintindex":0},"down":{"uv":[2.25,12.0,2.25,12.625],"rotation":0,"texture":"#0","tintindex":0}}},{"from":[6.1323776,8.065181,7.116659],"to":[7.2752347,9.208038,7.116659],"rotation":{"angle":0.0,"axis":"y","origin":[6.703806,8.63661,7.116659]},"faces":{"east":{"uv":[12.0,2.25,12.0,2.5],"rotation":0,"texture":"#0","tintindex":0},"south":{"uv":[8.75,11.5,9.0,11.75],"rotation":0,"texture":"#0","tintindex":0},"north":{"uv":[8.375,11.5,8.625,11.75],"rotation":0,"texture":"#0","tintindex":0},"west":{"uv":[2.375,12.0,2.375,12.25],"rotation":0,"texture":"#0","tintindex":0},"up":{"uv":[2.5,10.625,2.25,10.625],"rotation":0,"texture":"#0","tintindex":0},"down":{"uv":[11.25,4.0,11.0,4.0],"rotation":0,"texture":"#0","tintindex":0}}},{"from":[10.132378,8.065181,7.116659],"to":[11.275235,9.208038,7.116659],"rotation":{"angle":0.0,"axis":"y","origin":[10.703806,8.63661,7.116659]},"faces":{"east":{"uv":[10.75,8.25,10.75,8.5],"rotation":0,"texture":"#0","tintindex":0},"south":{"uv":[7.0,1.875,7.25,2.125],"rotation":0,"texture":"#0","tintindex":0},"north":{"uv":[2.75,6.25,3.0,6.5],"rotation":0,"texture":"#0","tintindex":0},"west":{"uv":[3.625,11.25,3.625,11.5],"rotation":0,"texture":"#0","tintindex":0},"up":{"uv":[6.375,5.25,6.125,5.25],"rotation":0,"texture":"#0","tintindex":0},"down":{"uv":[2.625,7.375,2.375,7.375],"rotation":0,"texture":"#0","tintindex":0}}},{"from":[11.275235,8.065181,7.116659],"to":[11.275235,9.208038,9.973802],"rotation":{"angle":0.0,"axis":"y","origin":[11.275235,8.63661,8.545231]},"faces":{"east":{"uv":[10.25,6.125,10.875,6.375],"rotation":0,"texture":"#0","tintindex":0},"south":{"uv":[11.75,11.25,11.75,11.5],"rotation":0,"texture":"#0","tintindex":0},"north":{"uv":[11.75,8.25,11.75,8.5],"rotation":0,"texture":"#0","tintindex":0},"west":{"uv":[10.25,9.5,10.875,9.75],"rotation":0,"texture":"#0","tintindex":0},"up":{"uv":[11.375,12.375,11.375,11.75],"rotation":0,"texture":"#0","tintindex":0},"down":{"uv":[11.75,11.625,11.75,12.25],"rotation":0,"texture":"#0","tintindex":0}}},{"from":[10.132378,8.065181,9.973802],"to":[11.275235,9.208038,9.973802],"rotation":{"angle":0.0,"axis":"y","origin":[10.703806,8.63661,9.973802]},"faces":{"east":{"uv":[0.25,11.875,0.25,12.125],"rotation":0,"texture":"#0","tintindex":0},"south":{"uv":[5.25,11.5,5.5,11.75],"rotation":0,"texture":"#0","tintindex":0},"north":{"uv":[11.5,5.125,11.75,5.375],"rotation":0,"texture":"#0","tintindex":0},"west":{"uv":[0.375,11.875,0.375,12.125],"rotation":0,"texture":"#0","tintindex":0},"up":{"uv":[8.75,6.125,8.5,6.125],"rotation":0,"texture":"#0","tintindex":0},"down":{"uv":[8.875,0.75,8.625,0.75],"rotation":0,"texture":"#0","tintindex":0}}},{"from":[5.846663,6.4937525,6.8309445],"to":[11.560949,7.6366096,7.4023733],"rotation":{"angle":0.0,"axis":"y","origin":[8.703806,7.0651813,7.116659]},"faces":{"east":{"uv":[4.0,5.875,4.125,6.125],"rotation":0,"texture":"#0","tintindex":0},"south":{"uv":[8.25,5.0,9.5,5.25],"rotation":0,"texture":"#0","tintindex":0},"north":{"uv":[7.875,3.375,9.125,3.625],"rotation":0,"texture":"#0","tintindex":0},"west":{"uv":[7.0,4.875,7.125,5.125],"rotation":0,"texture":"#0","tintindex":0},"up":{"uv":[11.375,1.125,10.125,1.0],"rotation":0,"texture":"#0","tintindex":0},"down":{"uv":[11.375,4.625,10.125,4.75],"rotation":0,"texture":"#0","tintindex":0}}},{"from":[6.1323776,6.922324,7.116659],"to":[11.275235,8.065181,9.973802],"rotation":{"angle":0.0,"axis":"y","origin":[8.703806,7.4937525,8.545231]},"faces":{"east":{"uv":[4.875,10.25,5.5,10.5],"rotation":0,"texture":"#0","tintindex":0},"south":{"uv":[9.0,6.125,10.125,6.375],"rotation":0,"texture":"#0","tintindex":0},"north":{"uv":[9.0,1.625,10.125,1.875],"rotation":0,"texture":"#0","tintindex":0},"west":{"uv":[5.625,10.25,6.25,10.5],"rotation":0,"texture":"#0","tintindex":0},"up":{"uv":[6.75,1.5,5.625,0.875],"rotation":0,"texture":"#0","tintindex":0},"down":{"uv":[6.875,4.5,5.75,5.125],"rotation":0,"texture":"#0","tintindex":0}}},{"from":[7.846663,8.065181,7.6880875],"to":[9.560949,10.922324,9.402373],"rotation":{"angle":0.0,"axis":"y","origin":[8.703806,9.4937525,8.545231]},"faces":{"east":{"uv":[9.625,6.5,10.0,7.125],"rotation":0,"texture":"#0","tintindex":0},"south":{"uv":[8.0,9.625,8.375,10.25],"rotation":0,"texture":"#0","tintindex":0},"north":{"uv":[6.375,9.625,6.75,10.25],"rotation":0,"texture":"#0","tintindex":0},"west":{"uv":[9.625,9.0,10.0,9.625],"rotation":0,"texture":"#0","tintindex":0},"up":{"uv":[5.0,11.0,4.625,10.625],"rotation":0,"texture":"#0","tintindex":0},"down":{"uv":[5.5,10.625,5.125,11.0],"rotation":0,"texture":"#0","tintindex":0}}},{"from":[10.989521,6.2080383,7.2595162],"to":[11.560949,7.3508954,9.545231],"rotation":{"angle":0.0,"axis":"y","origin":[11.275235,6.7794666,8.402373]},"faces":{"east":{"uv":[11.0,1.625,11.5,1.875],"rotation":0,"texture":"#0","tintindex":0},"south":{"uv":[11.625,9.625,11.75,9.875],"rotation":0,"texture":"#0","tintindex":0},"north":{"uv":[11.625,5.875,11.75,6.125],"rotation":0,"texture":"#0","tintindex":0},"west":{"uv":[11.0,2.0,11.5,2.25],"rotation":0,"texture":"#0","tintindex":0},"up":{"uv":[0.375,11.75,0.25,11.25],"rotation":0,"texture":"#0","tintindex":0},"down":{"uv":[1.875,11.375,1.75,11.875],"rotation":0,"texture":"#0","tintindex":0}}},{"from":[5.846663,6.2080383,9.545231],"to":[11.560949,7.3508954,10.116659],"rotation":{"angle":0.0,"axis":"y","origin":[8.703806,6.7794666,9.830945]},"faces":{"east":{"uv":[11.625,10.5,11.75,10.75],"rotation":0,"texture":"#0","tintindex":0},"south":{"uv":[8.5,2.5,9.75,2.75],"rotation":0,"texture":"#0","tintindex":0},"north":{"uv":[8.375,2.125,9.625,2.375],"rotation":0,"texture":"#0","tintindex":0},"west":{"uv":[11.625,10.875,11.75,11.125],"rotation":0,"texture":"#0","tintindex":0},"up":{"uv":[11.375,7.125,10.125,7.0],"rotation":0,"texture":"#0","tintindex":0},"down":{"uv":[11.625,4.875,10.375,5.0],"rotation":0,"texture":"#0","tintindex":0}}},{"from":[5.846663,6.2080383,7.2595162],"to":[6.418092,7.3508954,9.545231],"rotation":{"angle":0.0,"axis":"y","origin":[6.1323776,6.7794666,8.402373]},"faces":{"east":{"uv":[0.75,11.0,1.25,11.25],"rotation":0,"texture":"#0","tintindex":0},"south":{"uv":[0.75,10.125,0.875,10.375],"rotation":0,"texture":"#0","tintindex":0},"north":{"uv":[3.25,9.625,3.375,9.875],"rotation":0,"texture":"#0","tintindex":0},"west":{"uv":[1.375,11.0,1.875,11.25],"rotation":0,"texture":"#0","tintindex":0},"up":{"uv":[7.125,4.75,7.0,4.25],"rotation":0,"texture":"#0","tintindex":0},"down":{"uv":[0.625,7.75,0.5,8.25],"rotation":0,"texture":"#0","tintindex":0}}}],"display":{"head":{"translation":[0.0,-6.4,0.0],"scale":[4.0,4.0,4.0]}}}