{"textures":{"0":"modelengine:entity/skeleton_shaman"},"elements":[{"from":[5.340831,5.7,7.9662385],"to":[11.055117,7.9857144,7.9662385],"rotation":{"angle":0.0,"axis":"y","origin":[8.197974,6.842857,7.9662385]},"faces":{"east":{"uv":[12.0,9.125,12.0,9.625],"rotation":0,"texture":"#0","tintindex":0},"south":{"uv":[5.25,0.0,6.5,0.5],"rotation":0,"texture":"#0","tintindex":0},"north":{"uv":[4.75,5.125,6.0,5.625],"rotation":0,"texture":"#0","tintindex":0},"west":{"uv":[12.0,9.75,12.0,10.25],"rotation":0,"texture":"#0","tintindex":0},"up":{"uv":[13.25,10.375,12.0,10.375],"rotation":0,"texture":"#0","tintindex":0},"down":{"uv":[13.25,10.5,12.0,10.5],"rotation":0,"texture":"#0","tintindex":0}}}],"display":{"head":{"translation":[0.0,-6.4,0.0],"scale":[4.0,4.0,4.0]}}}