{"textures":{"0":"modelengine:entity/skeleton_shaman"},"elements":[{"from":[5.340831,5.1571426,7.9662385],"to":[11.055117,8.014286,7.9662385],"rotation":{"angle":0.0,"axis":"y","origin":[8.197974,6.5857143,7.9662385]},"faces":{"east":{"uv":[12.0,11.625,12.0,12.25],"rotation":0,"texture":"#0","tintindex":0},"south":{"uv":[3.875,0.0,5.125,0.625],"rotation":0,"texture":"#0","tintindex":0},"north":{"uv":[3.625,2.0,4.875,2.625],"rotation":0,"texture":"#0","tintindex":0},"west":{"uv":[11.75,12.0,11.75,12.625],"rotation":0,"texture":"#0","tintindex":0},"up":{"uv":[13.25,10.625,12.0,10.625],"rotation":0,"texture":"#0","tintindex":0},"down":{"uv":[13.25,10.75,12.0,10.75],"rotation":0,"texture":"#0","tintindex":0}}}],"display":{"head":{"translation":[0.0,-6.4,0.0],"scale":[4.0,4.0,4.0]}}}