{"textures":{"0":"modelengine:entity/skeleton_shaman"},"elements":[{"from":[7.3408313,10.385637,7.8237677],"to":[9.055117,11.528494,9.5380535],"rotation":{"angle":-22.5,"axis":"x","origin":[8.197974,10.957066,8.68091]},"faces":{"east":{"uv":[2.0,11.125,2.375,11.375],"rotation":0,"texture":"#0","tintindex":0},"south":{"uv":[11.125,2.75,11.5,3.0],"rotation":0,"texture":"#0","tintindex":0},"north":{"uv":[11.0,10.875,11.375,11.125],"rotation":0,"texture":"#0","tintindex":0},"west":{"uv":[4.375,11.125,4.75,11.375],"rotation":0,"texture":"#0","tintindex":0},"up":{"uv":[1.375,10.75,1.0,10.375],"rotation":0,"texture":"#0","tintindex":0},"down":{"uv":[1.875,10.375,1.5,10.75],"rotation":0,"texture":"#0","tintindex":0}}},{"from":[7.355117,7.3285775,7.9771976],"to":[9.040832,10.757149,9.6914835],"rotation":{"angle":0.0,"axis":"y","origin":[8.197974,9.042863,8.83434]},"faces":{"east":{"uv":[1.25,8.75,1.625,9.5],"rotation":0,"texture":"#0","tintindex":0},"south":{"uv":[6.75,8.75,7.125,9.5],"rotation":0,"texture":"#0","tintindex":0},"north":{"uv":[2.75,8.625,3.125,9.375],"rotation":0,"texture":"#0","tintindex":0},"west":{"uv":[5.25,8.875,5.625,9.625],"rotation":0,"texture":"#0","tintindex":0},"up":{"uv":[4.125,10.5,3.75,10.125],"rotation":0,"texture":"#0","tintindex":0},"down":{"uv":[7.125,10.125,6.75,10.5],"rotation":0,"texture":"#0","tintindex":0}}},{"from":[9.055117,9.18572,8.977198],"to":[11.340832,10.328577,8.977198],"rotation":{"angle":0.0,"axis":"y","origin":[10.197974,9.757149,8.977198]},"faces":{"east":{"uv":[9.0,9.625,9.0,9.875],"rotation":0,"texture":"#0","tintindex":0},"south":{"uv":[10.625,0.375,11.125,0.625],"rotation":0,"texture":"#0","tintindex":0},"north":{"uv":[10.125,10.5,10.625,10.75],"rotation":0,"texture":"#0","tintindex":0},"west":{"uv":[1.0,9.875,1.0,10.125],"rotation":0,"texture":"#0","tintindex":0},"up":{"uv":[9.25,0.375,8.75,0.375],"rotation":0,"texture":"#0","tintindex":0},"down":{"uv":[10.0,4.375,9.5,4.375],"rotation":0,"texture":"#0","tintindex":0}}},{"from":[11.340832,9.18572,6.6914835],"to":[11.340832,10.328577,8.977198],"rotation":{"angle":0.0,"axis":"y","origin":[11.340832,9.757149,7.8343406]},"faces":{"east":{"uv":[10.5,8.125,11.0,8.375],"rotation":0,"texture":"#0","tintindex":0},"south":{"uv":[1.125,9.125,1.125,9.375],"rotation":0,"texture":"#0","tintindex":0},"north":{"uv":[3.25,8.625,3.25,8.875],"rotation":0,"texture":"#0","tintindex":0},"west":{"uv":[8.25,10.5,8.75,10.75],"rotation":0,"texture":"#0","tintindex":0},"up":{"uv":[7.625,12.25,7.625,11.75],"rotation":0,"texture":"#0","tintindex":0},"down":{"uv":[2.5,11.875,2.5,12.375],"rotation":0,"texture":"#0","tintindex":0}}},{"from":[9.055117,9.18572,6.6914835],"to":[11.340832,10.328577,6.6914835],"rotation":{"angle":0.0,"axis":"y","origin":[10.197974,9.757149,6.6914835]},"faces":{"east":{"uv":[7.75,4.25,7.75,4.5],"rotation":0,"texture":"#0","tintindex":0},"south":{"uv":[10.5,7.375,11.0,7.625],"rotation":0,"texture":"#0","tintindex":0},"north":{"uv":[6.375,2.75,6.875,3.0],"rotation":0,"texture":"#0","tintindex":0},"west":{"uv":[8.25,3.625,8.25,3.875],"rotation":0,"texture":"#0","tintindex":0},"up":{"uv":[6.5,4.125,6.0,4.125],"rotation":0,"texture":"#0","tintindex":0},"down":{"uv":[7.125,0.5,6.625,0.5],"rotation":0,"texture":"#0","tintindex":0}}},{"from":[9.055117,7.4714346,6.6914835],"to":[11.91226,8.614292,6.6914835],"rotation":{"angle":0.0,"axis":"y","origin":[10.483688,8.042863,6.6914835]},"faces":{"east":{"uv":[12.0,1.875,12.0,2.125],"rotation":0,"texture":"#0","tintindex":0},"south":{"uv":[9.875,8.5,10.5,8.75],"rotation":0,"texture":"#0","tintindex":0},"north":{"uv":[9.875,7.75,10.5,8.0],"rotation":0,"texture":"#0","tintindex":0},"west":{"uv":[12.0,2.25,12.0,2.5],"rotation":0,"texture":"#0","tintindex":0},"up":{"uv":[12.5,11.5,11.875,11.5],"rotation":0,"texture":"#0","tintindex":0},"down":{"uv":[12.625,3.5,12.0,3.5],"rotation":0,"texture":"#0","tintindex":0}}},{"from":[11.91226,7.4714346,6.6914835],"to":[11.91226,8.614292,8.977198],"rotation":{"angle":0.0,"axis":"y","origin":[11.91226,8.042863,7.8343406]},"faces":{"east":{"uv":[10.625,2.0,11.125,2.25],"rotation":0,"texture":"#0","tintindex":0},"south":{"uv":[12.0,0.375,12.0,0.625],"rotation":0,"texture":"#0","tintindex":0},"north":{"uv":[9.375,11.125,9.375,11.375],"rotation":0,"texture":"#0","tintindex":0},"west":{"uv":[10.625,2.375,11.125,2.625],"rotation":0,"texture":"#0","tintindex":0},"up":{"uv":[0.5,12.5,0.5,12.0],"rotation":0,"texture":"#0","tintindex":0},"down":{"uv":[0.625,12.0,0.625,12.5],"rotation":0,"texture":"#0","tintindex":0}}},{"from":[9.055117,7.4714346,8.977198],"to":[11.91226,8.614292,8.977198],"rotation":{"angle":0.0,"axis":"y","origin":[10.483688,8.042863,8.977198]},"faces":{"east":{"uv":[2.0,10.375,2.0,10.625],"rotation":0,"texture":"#0","tintindex":0},"south":{"uv":[9.875,0.375,10.5,0.625],"rotation":0,"texture":"#0","tintindex":0},"north":{"uv":[9.75,8.125,10.375,8.375],"rotation":0,"texture":"#0","tintindex":0},"west":{"uv":[2.5,11.125,2.5,11.375],"rotation":0,"texture":"#0","tintindex":0},"up":{"uv":[12.5,3.375,11.875,3.375],"rotation":0,"texture":"#0","tintindex":0},"down":{"uv":[12.5,8.375,11.875,8.375],"rotation":0,"texture":"#0","tintindex":0}}},{"from":[5.0551167,9.18572,6.6914835],"to":[7.3408313,10.328577,6.6914835],"rotation":{"angle":0.0,"axis":"y","origin":[6.197974,9.757149,6.6914835]},"faces":{"east":{"uv":[8.75,12.125,8.75,12.375],"rotation":0,"texture":"#0","tintindex":0},"south":{"uv":[10.875,5.75,11.375,6.0],"rotation":0,"texture":"#0","tintindex":0},"north":{"uv":[10.875,5.375,11.375,5.625],"rotation":0,"texture":"#0","tintindex":0},"west":{"uv":[8.875,12.125,8.875,12.375],"rotation":0,"texture":"#0","tintindex":0},"up":{"uv":[12.625,8.125,12.125,8.125],"rotation":0,"texture":"#0","tintindex":0},"down":{"uv":[12.625,8.25,12.125,8.25],"rotation":0,"texture":"#0","tintindex":0}}},{"from":[5.0551167,9.18572,6.6914835],"to":[5.0551167,10.328577,8.977198],"rotation":{"angle":0.0,"axis":"y","origin":[5.0551167,9.757149,7.8343406]},"faces":{"east":{"uv":[10.875,3.125,11.375,3.375],"rotation":0,"texture":"#0","tintindex":0},"south":{"uv":[8.5,12.125,8.5,12.375],"rotation":0,"texture":"#0","tintindex":0},"north":{"uv":[8.375,12.125,8.375,12.375],"rotation":0,"texture":"#0","tintindex":0},"west":{"uv":[10.875,5.0,11.375,5.25],"rotation":0,"texture":"#0","tintindex":0},"up":{"uv":[12.125,9.0,12.125,8.5],"rotation":0,"texture":"#0","tintindex":0},"down":{"uv":[8.625,12.125,8.625,12.625],"rotation":0,"texture":"#0","tintindex":0}}},{"from":[5.0551167,9.18572,8.977198],"to":[7.3408313,10.328577,8.977198],"rotation":{"angle":0.0,"axis":"y","origin":[6.197974,9.757149,8.977198]},"faces":{"east":{"uv":[7.5,12.125,7.5,12.375],"rotation":0,"texture":"#0","tintindex":0},"south":{"uv":[10.875,1.5,11.375,1.75],"rotation":0,"texture":"#0","tintindex":0},"north":{"uv":[10.875,1.125,11.375,1.375],"rotation":0,"texture":"#0","tintindex":0},"west":{"uv":[12.125,7.625,12.125,7.875],"rotation":0,"texture":"#0","tintindex":0},"up":{"uv":[8.25,12.125,7.75,12.125],"rotation":0,"texture":"#0","tintindex":0},"down":{"uv":[12.625,8.0,12.125,8.0],"rotation":0,"texture":"#0","tintindex":0}}},{"from":[4.4836884,7.4714346,8.977198],"to":[7.3408313,8.614292,8.977198],"rotation":{"angle":0.0,"axis":"y","origin":[5.91226,8.042863,8.977198]},"faces":{"east":{"uv":[7.25,12.125,7.25,12.375],"rotation":0,"texture":"#0","tintindex":0},"south":{"uv":[3.0,10.125,3.625,10.375],"rotation":0,"texture":"#0","tintindex":0},"north":{"uv":[10.125,1.125,10.75,1.375],"rotation":0,"texture":"#0","tintindex":0},"west":{"uv":[7.375,12.125,7.375,12.375],"rotation":0,"texture":"#0","tintindex":0},"up":{"uv":[12.75,7.375,12.125,7.375],"rotation":0,"texture":"#0","tintindex":0},"down":{"uv":[12.75,7.5,12.125,7.5],"rotation":0,"texture":"#0","tintindex":0}}},{"from":[4.4836884,7.4714346,6.6914835],"to":[7.3408313,8.614292,6.6914835],"rotation":{"angle":0.0,"axis":"y","origin":[5.91226,8.042863,6.6914835]},"faces":{"east":{"uv":[12.125,6.75,12.125,7.0],"rotation":0,"texture":"#0","tintindex":0},"south":{"uv":[10.125,0.75,10.75,1.0],"rotation":0,"texture":"#0","tintindex":0},"north":{"uv":[9.625,10.0,10.25,10.25],"rotation":0,"texture":"#0","tintindex":0},"west":{"uv":[7.125,12.125,7.125,12.375],"rotation":0,"texture":"#0","tintindex":0},"up":{"uv":[12.75,7.125,12.125,7.125],"rotation":0,"texture":"#0","tintindex":0},"down":{"uv":[12.75,7.25,12.125,7.25],"rotation":0,"texture":"#0","tintindex":0}}},{"from":[4.4836884,7.4714346,6.6914835],"to":[4.4836884,8.614292,8.977198],"rotation":{"angle":0.0,"axis":"y","origin":[4.4836884,8.042863,7.8343406]},"faces":{"east":{"uv":[5.375,10.75,5.875,11.0],"rotation":0,"texture":"#0","tintindex":0},"south":{"uv":[12.125,4.625,12.125,4.875],"rotation":0,"texture":"#0","tintindex":0},"north":{"uv":[12.125,4.25,12.125,4.5],"rotation":0,"texture":"#0","tintindex":0},"west":{"uv":[10.75,6.125,11.25,6.375],"rotation":0,"texture":"#0","tintindex":0},"up":{"uv":[12.125,5.5,12.125,5.0],"rotation":0,"texture":"#0","tintindex":0},"down":{"uv":[5.125,12.125,5.125,12.625],"rotation":0,"texture":"#0","tintindex":0}}}],"display":{"head":{"translation":[0.0,-6.4,0.0],"scale":[4.0,4.0,4.0]}}}