{"textures":{"0":"modelengine:entity/skeleton_shaman"},"elements":[{"from":[5.197974,5.8126936,7.6571054],"to":[10.91226,8.098408,7.6571054],"rotation":{"angle":22.5,"axis":"x","origin":[8.055117,6.9555507,7.6571054]},"faces":{"east":{"uv":[12.0,7.5,12.0,8.0],"rotation":0,"texture":"#0","tintindex":0},"south":{"uv":[3.375,5.125,4.625,5.625],"rotation":0,"texture":"#0","tintindex":0},"north":{"uv":[2.0,5.125,3.25,5.625],"rotation":0,"texture":"#0","tintindex":0},"west":{"uv":[12.0,8.5,12.0,9.0],"rotation":0,"texture":"#0","tintindex":0},"up":{"uv":[13.25,4.0,12.0,4.0],"rotation":0,"texture":"#0","tintindex":0},"down":{"uv":[13.25,4.125,12.0,4.125],"rotation":0,"texture":"#0","tintindex":0}}}],"display":{"head":{"translation":[0.0,-6.4,0.0],"scale":[4.0,4.0,4.0]}}}