{"textures":{"0":"modelengine:entity/skeleton_shaman"},"elements":[{"from":[5.340831,5.137271,8.022641],"to":[11.055117,7.9944143,8.022641],"rotation":{"angle":0.0,"axis":"y","origin":[8.197974,6.5658426,8.022641]},"faces":{"east":{"uv":[7.375,0.5,7.375,1.125],"rotation":0,"texture":"#0","tintindex":0},"south":{"uv":[3.625,1.25,4.875,1.875],"rotation":0,"texture":"#0","tintindex":0},"north":{"uv":[3.375,3.5,4.625,4.125],"rotation":0,"texture":"#0","tintindex":0},"west":{"uv":[4.0,11.75,4.0,12.375],"rotation":0,"texture":"#0","tintindex":0},"up":{"uv":[5.125,0.75,3.875,0.75],"rotation":0,"texture":"#0","tintindex":0},"down":{"uv":[13.0,2.625,11.75,2.625],"rotation":0,"texture":"#0","tintindex":0}}}],"display":{"head":{"translation":[0.0,-6.4,0.0],"scale":[4.0,4.0,4.0]}}}