{"textures":{"0":"modelengine:entity/skeleton_shaman"},"elements":[{"from":[5.91226,8.692155,3.8836112],"to":[10.483688,12.120727,8.45504],"rotation":{"angle":0.0,"axis":"y","origin":[8.197974,10.406441,6.169326]},"faces":{"east":{"uv":[1.875,4.25,2.875,5.0],"rotation":0,"texture":"#0","tintindex":0},"south":{"uv":[3.0,4.25,4.0,5.0],"rotation":0,"texture":"#0","tintindex":0},"north":{"uv":[0.75,4.25,1.75,5.0],"rotation":0,"texture":"#0","tintindex":0},"west":{"uv":[4.125,4.25,5.125,5.0],"rotation":0,"texture":"#0","tintindex":0},"up":{"uv":[1.0,2.375,0.0,1.375],"rotation":0,"texture":"#0","tintindex":0},"down":{"uv":[2.125,1.375,1.125,2.375],"rotation":0,"texture":"#0","tintindex":0}}},{"from":[9.055117,8.120727,3.8836112],"to":[9.626546,8.692155,3.8836112],"rotation":{"angle":0.0,"axis":"y","origin":[9.340832,8.406441,3.8836112]},"faces":{"east":{"uv":[6.75,7.25,6.75,7.375],"rotation":0,"texture":"#0","tintindex":0},"south":{"uv":[7.5,3.25,7.625,3.375],"rotation":0,"texture":"#0","tintindex":0},"north":{"uv":[0.5,7.0,0.625,7.125],"rotation":0,"texture":"#0","tintindex":0},"west":{"uv":[7.25,7.625,7.25,7.75],"rotation":0,"texture":"#0","tintindex":0},"up":{"uv":[3.5,1.25,3.375,1.25],"rotation":0,"texture":"#0","tintindex":0},"down":{"uv":[1.25,4.125,1.125,4.125],"rotation":0,"texture":"#0","tintindex":0}}},{"from":[6.7694025,8.120727,3.8836112],"to":[7.3408313,8.692155,3.8836112],"rotation":{"angle":0.0,"axis":"y","origin":[7.055117,8.406441,3.8836112]},"faces":{"east":{"uv":[11.875,12.0,11.875,12.125],"rotation":0,"texture":"#0","tintindex":0},"south":{"uv":[5.375,11.875,5.5,12.0],"rotation":0,"texture":"#0","tintindex":0},"north":{"uv":[11.875,5.125,12.0,5.25],"rotation":0,"texture":"#0","tintindex":0},"west":{"uv":[12.125,0.0,12.125,0.125],"rotation":0,"texture":"#0","tintindex":0},"up":{"uv":[10.25,1.5,10.125,1.5],"rotation":0,"texture":"#0","tintindex":0},"down":{"uv":[10.5,2.0,10.375,2.0],"rotation":0,"texture":"#0","tintindex":0}}},{"from":[5.6265454,10.054886,3.357472],"to":[10.7694025,11.197743,9.071758],"rotation":{"angle":22.5,"axis":"x","origin":[8.197974,10.626314,6.214615]},"faces":{"east":{"uv":[8.375,8.125,9.625,8.375],"rotation":0,"texture":"#0","tintindex":0},"south":{"uv":[9.0,4.875,10.125,5.125],"rotation":0,"texture":"#0","tintindex":0},"north":{"uv":[9.0,4.5,10.125,4.75],"rotation":0,"texture":"#0","tintindex":0},"west":{"uv":[8.5,0.5,9.75,0.75],"rotation":0,"texture":"#0","tintindex":0},"up":{"uv":[1.125,1.25,0.0,0.0],"rotation":0,"texture":"#0","tintindex":0},"down":{"uv":[2.375,0.0,1.25,1.25],"rotation":0,"texture":"#0","tintindex":0}}},{"from":[5.6265454,12.160632,4.2309875],"to":[10.7694025,14.446346,4.2309875],"rotation":{"angle":22.5,"axis":"x","origin":[8.197974,13.30349,4.2309875]},"faces":{"east":{"uv":[0.875,12.25,0.875,12.75],"rotation":0,"texture":"#0","tintindex":0},"south":{"uv":[1.875,5.875,0.75,6.375],"rotation":0,"texture":"#0","tintindex":0},"north":{"uv":[0.75,5.875,1.875,6.375],"rotation":0,"texture":"#0","tintindex":0},"west":{"uv":[1.0,12.25,1.0,12.75],"rotation":0,"texture":"#0","tintindex":0},"up":{"uv":[13.375,1.375,12.25,1.375],"rotation":0,"texture":"#0","tintindex":0},"down":{"uv":[13.375,1.5,12.25,1.5],"rotation":0,"texture":"#0","tintindex":0}}},{"from":[5.6265454,13.940933,5.6784925],"to":[10.7694025,16.798077,5.6784925],"rotation":{"angle":45.0,"axis":"x","origin":[8.197974,15.369505,5.6784925]},"faces":{"east":{"uv":[1.125,12.25,1.125,12.875],"rotation":0,"texture":"#0","tintindex":0},"south":{"uv":[6.125,2.0,5.0,2.625],"rotation":0,"texture":"#0","tintindex":0},"north":{"uv":[5.0,2.0,6.125,2.625],"rotation":0,"texture":"#0","tintindex":0},"west":{"uv":[1.25,12.25,1.25,12.875],"rotation":0,"texture":"#0","tintindex":0},"up":{"uv":[13.375,1.625,12.25,1.625],"rotation":0,"texture":"#0","tintindex":0},"down":{"uv":[13.375,1.75,12.25,1.75],"rotation":0,"texture":"#0","tintindex":0}}},{"from":[10.7694025,11.067251,4.0135007],"to":[10.7694025,13.352965,9.727787],"rotation":{"angle":22.5,"axis":"x","origin":[10.7694025,12.210108,6.8706436]},"faces":{"east":{"uv":[5.25,4.25,6.5,4.75],"rotation":0,"texture":"#0","tintindex":0},"south":{"uv":[1.625,12.25,1.625,12.75],"rotation":0,"texture":"#0","tintindex":0},"north":{"uv":[1.5,12.25,1.5,12.75],"rotation":0,"texture":"#0","tintindex":0},"west":{"uv":[6.5,4.25,5.25,4.75],"rotation":0,"texture":"#0","tintindex":0},"up":{"uv":[1.75,13.5,1.75,12.25],"rotation":0,"texture":"#0","tintindex":0},"down":{"uv":[1.875,12.25,1.875,13.5],"rotation":0,"texture":"#0","tintindex":0}}},{"from":[10.755117,11.836944,5.0436854],"to":[10.755117,15.265515,10.757972],"rotation":{"angle":45.0,"axis":"x","origin":[10.755117,13.5512295,7.9008284]},"faces":{"east":{"uv":[2.25,1.375,3.5,2.125],"rotation":0,"texture":"#0","tintindex":0},"south":{"uv":[2.125,12.25,2.125,13.0],"rotation":0,"texture":"#0","tintindex":0},"north":{"uv":[2.0,12.25,2.0,13.0],"rotation":0,"texture":"#0","tintindex":0},"west":{"uv":[3.5,1.375,2.25,2.125],"rotation":0,"texture":"#0","tintindex":0},"up":{"uv":[2.25,13.5,2.25,12.25],"rotation":0,"texture":"#0","tintindex":0},"down":{"uv":[2.375,12.25,2.375,13.5],"rotation":0,"texture":"#0","tintindex":0}}},{"from":[5.6265454,9.973869,9.5103],"to":[10.7694025,12.259584,9.5103],"rotation":{"angle":22.5,"axis":"x","origin":[8.197974,11.116727,9.5103]},"faces":{"east":{"uv":[3.875,12.25,3.875,12.75],"rotation":0,"texture":"#0","tintindex":0},"south":{"uv":[6.125,4.875,7.25,5.375],"rotation":0,"texture":"#0","tintindex":0},"north":{"uv":[7.25,4.875,6.125,5.375],"rotation":0,"texture":"#0","tintindex":0},"west":{"uv":[12.25,4.25,12.25,4.75],"rotation":0,"texture":"#0","tintindex":0},"up":{"uv":[13.375,2.5,12.25,2.5],"rotation":0,"texture":"#0","tintindex":0},"down":{"uv":[13.375,4.875,12.25,4.875],"rotation":0,"texture":"#0","tintindex":0}}},{"from":[5.6265454,11.921723,10.553867],"to":[10.7694025,13.636009,10.553867],"rotation":{"angle":45.0,"axis":"x","origin":[8.197974,12.778866,10.553867]},"faces":{"east":{"uv":[4.375,12.25,4.375,12.625],"rotation":0,"texture":"#0","tintindex":0},"south":{"uv":[6.125,6.0,7.25,6.375],"rotation":0,"texture":"#0","tintindex":0},"north":{"uv":[7.25,6.0,6.125,6.375],"rotation":0,"texture":"#0","tintindex":0},"west":{"uv":[4.5,12.25,4.5,12.625],"rotation":0,"texture":"#0","tintindex":0},"up":{"uv":[13.375,5.0,12.25,5.0],"rotation":0,"texture":"#0","tintindex":0},"down":{"uv":[13.375,5.125,12.25,5.125],"rotation":0,"texture":"#0","tintindex":0}}},{"from":[7.6265454,10.048907,3.3562827],"to":[8.7694025,11.191765,4.49914],"rotation":{"angle":0.0,"axis":"y","origin":[8.197974,10.620336,3.9277115]},"faces":{"east":{"uv":[4.375,11.5,4.625,11.75],"rotation":0,"texture":"#0","tintindex":0},"south":{"uv":[4.75,11.5,5.0,11.75],"rotation":0,"texture":"#0","tintindex":0},"north":{"uv":[11.5,3.125,11.75,3.375],"rotation":0,"texture":"#0","tintindex":0},"west":{"uv":[11.5,5.0,11.75,5.25],"rotation":0,"texture":"#0","tintindex":0},"up":{"uv":[5.375,11.75,5.125,11.5],"rotation":0,"texture":"#0","tintindex":0},"down":{"uv":[11.75,5.375,11.5,5.625],"rotation":0,"texture":"#0","tintindex":0}}},{"from":[10.197974,10.048907,3.3562827],"to":[10.7694025,11.191765,4.49914],"rotation":{"angle":0.0,"axis":"y","origin":[10.483688,10.620336,3.9277115]},"faces":{"east":{"uv":[5.5,11.5,5.75,11.75],"rotation":0,"texture":"#0","tintindex":0},"south":{"uv":[0.0,11.875,0.125,12.125],"rotation":0,"texture":"#0","tintindex":0},"north":{"uv":[11.75,11.625,11.875,11.875],"rotation":0,"texture":"#0","tintindex":0},"west":{"uv":[11.5,5.75,11.75,6.0],"rotation":0,"texture":"#0","tintindex":0},"up":{"uv":[12.0,0.25,11.875,0.0],"rotation":0,"texture":"#0","tintindex":0},"down":{"uv":[12.0,0.75,11.875,1.0],"rotation":0,"texture":"#0","tintindex":0}}},{"from":[5.6265454,10.048907,3.3562827],"to":[6.197974,11.191765,4.49914],"rotation":{"angle":0.0,"axis":"y","origin":[5.91226,10.620336,3.9277115]},"faces":{"east":{"uv":[11.5,6.5,11.75,6.75],"rotation":0,"texture":"#0","tintindex":0},"south":{"uv":[1.5,11.875,1.625,12.125],"rotation":0,"texture":"#0","tintindex":0},"north":{"uv":[11.875,1.125,12.0,1.375],"rotation":0,"texture":"#0","tintindex":0},"west":{"uv":[11.5,6.875,11.75,7.125],"rotation":0,"texture":"#0","tintindex":0},"up":{"uv":[12.0,1.75,11.875,1.5],"rotation":0,"texture":"#0","tintindex":0},"down":{"uv":[1.875,11.875,1.75,12.125],"rotation":0,"texture":"#0","tintindex":0}}},{"from":[11.427223,6.09092,5.981653],"to":[11.427223,8.376635,6.5530815],"rotation":{"angle":0.0,"axis":"y","origin":[11.427223,7.233777,6.2673674]},"faces":{"east":{"uv":[8.25,11.5,8.375,12.0],"rotation":0,"texture":"#0","tintindex":0},"south":{"uv":[5.875,12.25,5.875,12.75],"rotation":0,"texture":"#0","tintindex":0},"north":{"uv":[12.25,5.25,12.25,5.75],"rotation":0,"texture":"#0","tintindex":0},"west":{"uv":[8.375,11.5,8.25,12.0],"rotation":0,"texture":"#0","tintindex":0},"up":{"uv":[12.25,6.0,12.25,5.875],"rotation":0,"texture":"#0","tintindex":0},"down":{"uv":[6.0,12.25,6.0,12.375],"rotation":0,"texture":"#0","tintindex":0}}},{"from":[10.176226,8.515779,5.3121824],"to":[11.319082,10.801494,7.0264683],"rotation":{"angle":22.5,"axis":"z","origin":[10.747654,9.658636,6.169326]},"faces":{"east":{"uv":[0.5,9.875,0.875,10.375],"rotation":0,"texture":"#0","tintindex":0},"south":{"uv":[9.875,10.875,10.125,11.375],"rotation":0,"texture":"#0","tintindex":0},"north":{"uv":[9.5,10.875,9.75,11.375],"rotation":0,"texture":"#0","tintindex":0},"west":{"uv":[4.25,9.875,4.625,10.375],"rotation":0,"texture":"#0","tintindex":0},"up":{"uv":[1.375,11.625,1.125,11.25],"rotation":0,"texture":"#0","tintindex":0},"down":{"uv":[11.5,1.875,11.25,2.25],"rotation":0,"texture":"#0","tintindex":0}}},{"from":[10.570081,7.274532,5.242857],"to":[11.712938,9.560246,6.385714],"rotation":{"angle":45.0,"axis":"x","origin":[11.141509,8.417389,5.8142853]},"faces":{"east":{"uv":[10.25,10.875,10.5,11.375],"rotation":0,"texture":"#0","tintindex":0},"south":{"uv":[10.625,10.875,10.875,11.375],"rotation":0,"texture":"#0","tintindex":0},"north":{"uv":[10.875,9.875,11.125,10.375],"rotation":0,"texture":"#0","tintindex":0},"west":{"uv":[0.375,11.0,0.625,11.5],"rotation":0,"texture":"#0","tintindex":0},"up":{"uv":[10.0,11.75,9.75,11.5],"rotation":0,"texture":"#0","tintindex":0},"down":{"uv":[10.375,11.5,10.125,11.75],"rotation":0,"texture":"#0","tintindex":0}}},{"from":[11.127224,7.6208096,3.3208432],"to":[11.698652,8.192238,5.606557],"rotation":{"angle":22.5,"axis":"x","origin":[11.412938,7.906524,4.4637003]},"faces":{"east":{"uv":[8.5,3.0,9.0,3.125],"rotation":0,"texture":"#0","tintindex":0},"south":{"uv":[11.875,7.0,12.0,7.125],"rotation":0,"texture":"#0","tintindex":0},"north":{"uv":[11.875,6.75,12.0,6.875],"rotation":0,"texture":"#0","tintindex":0},"west":{"uv":[10.875,6.875,11.375,7.0],"rotation":0,"texture":"#0","tintindex":0},"up":{"uv":[10.625,12.0,10.5,11.5],"rotation":0,"texture":"#0","tintindex":0},"down":{"uv":[11.625,10.625,11.5,11.125],"rotation":0,"texture":"#0","tintindex":0}}},{"from":[4.697296,7.6208096,3.3208432],"to":[5.268725,8.192238,5.606557],"rotation":{"angle":22.5,"axis":"x","origin":[4.9830103,7.906524,4.4637003]},"faces":{"east":{"uv":[11.375,6.875,10.875,7.0],"rotation":0,"texture":"#0","tintindex":0},"south":{"uv":[12.0,7.0,11.875,7.125],"rotation":0,"texture":"#0","tintindex":0},"north":{"uv":[12.0,6.75,11.875,6.875],"rotation":0,"texture":"#0","tintindex":0},"west":{"uv":[9.0,3.0,8.5,3.125],"rotation":0,"texture":"#0","tintindex":0},"up":{"uv":[10.5,12.0,10.625,11.5],"rotation":0,"texture":"#0","tintindex":0},"down":{"uv":[11.5,10.625,11.625,11.125],"rotation":0,"texture":"#0","tintindex":0}}},{"from":[5.0768657,8.515779,5.3121824],"to":[6.2197227,10.801494,7.0264683],"rotation":{"angle":-22.5,"axis":"z","origin":[5.6482944,9.658636,6.169326]},"faces":{"east":{"uv":[4.625,9.875,4.25,10.375],"rotation":0,"texture":"#0","tintindex":0},"south":{"uv":[10.125,10.875,9.875,11.375],"rotation":0,"texture":"#0","tintindex":0},"north":{"uv":[9.75,10.875,9.5,11.375],"rotation":0,"texture":"#0","tintindex":0},"west":{"uv":[0.875,9.875,0.5,10.375],"rotation":0,"texture":"#0","tintindex":0},"up":{"uv":[1.125,11.625,1.375,11.25],"rotation":0,"texture":"#0","tintindex":0},"down":{"uv":[11.25,1.875,11.5,2.25],"rotation":0,"texture":"#0","tintindex":0}}},{"from":[5.640831,11.836944,5.0436854],"to":[5.640831,15.265515,10.757972],"rotation":{"angle":45.0,"axis":"x","origin":[5.640831,13.5512295,7.9008284]},"faces":{"east":{"uv":[2.25,1.375,3.5,2.125],"rotation":0,"texture":"#0","tintindex":0},"south":{"uv":[2.125,12.25,2.125,13.0],"rotation":0,"texture":"#0","tintindex":0},"north":{"uv":[2.0,12.25,2.0,13.0],"rotation":0,"texture":"#0","tintindex":0},"west":{"uv":[3.5,1.375,2.25,2.125],"rotation":0,"texture":"#0","tintindex":0},"up":{"uv":[2.25,13.5,2.25,12.25],"rotation":0,"texture":"#0","tintindex":0},"down":{"uv":[2.375,12.25,2.375,13.5],"rotation":0,"texture":"#0","tintindex":0}}},{"from":[5.6265454,11.067251,4.0135007],"to":[5.6265454,13.352965,9.727787],"rotation":{"angle":22.5,"axis":"x","origin":[5.6265454,12.210108,6.8706436]},"faces":{"east":{"uv":[5.25,4.25,6.5,4.75],"rotation":0,"texture":"#0","tintindex":0},"south":{"uv":[1.625,12.25,1.625,12.75],"rotation":0,"texture":"#0","tintindex":0},"north":{"uv":[1.5,12.25,1.5,12.75],"rotation":0,"texture":"#0","tintindex":0},"west":{"uv":[6.5,4.25,5.25,4.75],"rotation":0,"texture":"#0","tintindex":0},"up":{"uv":[1.75,13.5,1.75,12.25],"rotation":0,"texture":"#0","tintindex":0},"down":{"uv":[1.875,12.25,1.875,13.5],"rotation":0,"texture":"#0","tintindex":0}}},{"from":[4.9687247,6.09092,5.981653],"to":[4.9687247,8.376635,6.5530815],"rotation":{"angle":0.0,"axis":"y","origin":[4.9687247,7.233777,6.2673674]},"faces":{"east":{"uv":[8.25,11.5,8.375,12.0],"rotation":0,"texture":"#0","tintindex":0},"south":{"uv":[5.875,12.25,5.875,12.75],"rotation":0,"texture":"#0","tintindex":0},"north":{"uv":[12.25,5.25,12.25,5.75],"rotation":0,"texture":"#0","tintindex":0},"west":{"uv":[8.375,11.5,8.25,12.0],"rotation":0,"texture":"#0","tintindex":0},"up":{"uv":[12.25,6.0,12.25,5.875],"rotation":0,"texture":"#0","tintindex":0},"down":{"uv":[6.0,12.25,6.0,12.375],"rotation":0,"texture":"#0","tintindex":0}}},{"from":[4.6830106,7.274532,5.242857],"to":[5.8258677,9.560246,6.385714],"rotation":{"angle":45.0,"axis":"x","origin":[5.2544394,8.417389,5.8142853]},"faces":{"east":{"uv":[0.625,11.0,0.375,11.5],"rotation":0,"texture":"#0","tintindex":0},"south":{"uv":[10.875,10.875,10.625,11.375],"rotation":0,"texture":"#0","tintindex":0},"north":{"uv":[11.125,9.875,10.875,10.375],"rotation":0,"texture":"#0","tintindex":0},"west":{"uv":[10.5,10.875,10.25,11.375],"rotation":0,"texture":"#0","tintindex":0},"up":{"uv":[9.75,11.75,10.0,11.5],"rotation":0,"texture":"#0","tintindex":0},"down":{"uv":[10.125,11.5,10.375,11.75],"rotation":0,"texture":"#0","tintindex":0}}},{"from":[4.9687247,5.519491,3.9816527],"to":[4.9687247,7.805206,4.5530815],"rotation":{"angle":0.0,"axis":"y","origin":[4.9687247,6.6623487,4.2673674]},"faces":{"east":{"uv":[7.75,11.5,7.875,12.0],"rotation":0,"texture":"#0","tintindex":0},"south":{"uv":[4.75,12.25,4.75,12.75],"rotation":0,"texture":"#0","tintindex":0},"north":{"uv":[4.625,12.25,4.625,12.75],"rotation":0,"texture":"#0","tintindex":0},"west":{"uv":[7.875,11.5,7.75,12.0],"rotation":0,"texture":"#0","tintindex":0},"up":{"uv":[4.875,12.375,4.875,12.25],"rotation":0,"texture":"#0","tintindex":0},"down":{"uv":[5.0,12.25,5.0,12.375],"rotation":0,"texture":"#0","tintindex":0}}},{"from":[11.427223,5.519491,3.9816527],"to":[11.427223,7.805206,4.5530815],"rotation":{"angle":0.0,"axis":"y","origin":[11.427223,6.6623487,4.2673674]},"faces":{"east":{"uv":[7.75,11.5,7.875,12.0],"rotation":0,"texture":"#0","tintindex":0},"south":{"uv":[4.75,12.25,4.75,12.75],"rotation":0,"texture":"#0","tintindex":0},"north":{"uv":[4.625,12.25,4.625,12.75],"rotation":0,"texture":"#0","tintindex":0},"west":{"uv":[7.875,11.5,7.75,12.0],"rotation":0,"texture":"#0","tintindex":0},"up":{"uv":[4.875,12.375,4.875,12.25],"rotation":0,"texture":"#0","tintindex":0},"down":{"uv":[5.0,12.25,5.0,12.375],"rotation":0,"texture":"#0","tintindex":0}}}],"display":{"head":{"translation":[0.0,-6.4,0.0],"scale":[4.0,4.0,4.0]}}}