{"textures":{"0":"modelengine:entity/skeleton_shaman"},"elements":[{"from":[6.197974,5.0125895,4.0024805],"to":[10.197974,6.7268753,8.57391],"rotation":{"angle":-22.5,"axis":"x","origin":[8.197974,5.869732,6.288195]},"faces":{"east":{"uv":[5.75,6.5,6.75,6.875],"rotation":0,"texture":"#0","tintindex":0},"south":{"uv":[7.75,0.0,8.625,0.375],"rotation":0,"texture":"#0","tintindex":0},"north":{"uv":[7.5,2.75,8.375,3.125],"rotation":0,"texture":"#0","tintindex":0},"west":{"uv":[6.625,0.0,7.625,0.375],"rotation":0,"texture":"#0","tintindex":0},"up":{"uv":[2.25,4.125,1.375,3.125],"rotation":0,"texture":"#0","tintindex":0},"down":{"uv":[3.25,3.125,2.375,4.125],"rotation":0,"texture":"#0","tintindex":0}}},{"from":[7.6265454,5.7651753,3.7391176],"to":[8.7694025,6.336604,3.7391176],"rotation":{"angle":-22.5,"axis":"x","origin":[8.197974,6.0508895,3.7391176]},"faces":{"east":{"uv":[6.75,7.0,6.75,7.125],"rotation":0,"texture":"#0","tintindex":0},"south":{"uv":[11.625,7.5,11.875,7.625],"rotation":0,"texture":"#0","tintindex":0},"north":{"uv":[2.625,10.25,2.875,10.375],"rotation":0,"texture":"#0","tintindex":0},"west":{"uv":[7.25,4.625,7.25,4.75],"rotation":0,"texture":"#0","tintindex":0},"up":{"uv":[3.25,1.25,3.0,1.25],"rotation":0,"texture":"#0","tintindex":0},"down":{"uv":[1.0,4.125,0.75,4.125],"rotation":0,"texture":"#0","tintindex":0}}},{"from":[9.626546,5.7651753,3.7391176],"to":[10.197974,6.336604,3.7391176],"rotation":{"angle":-22.5,"axis":"x","origin":[9.91226,6.0508895,3.7391176]},"faces":{"east":{"uv":[2.125,2.5,2.125,2.625],"rotation":0,"texture":"#0","tintindex":0},"south":{"uv":[5.875,4.875,6.0,5.0],"rotation":0,"texture":"#0","tintindex":0},"north":{"uv":[5.875,0.625,6.0,0.75],"rotation":0,"texture":"#0","tintindex":0},"west":{"uv":[2.125,2.75,2.125,2.875],"rotation":0,"texture":"#0","tintindex":0},"up":{"uv":[2.625,1.25,2.5,1.25],"rotation":0,"texture":"#0","tintindex":0},"down":{"uv":[2.875,1.25,2.75,1.25],"rotation":0,"texture":"#0","tintindex":0}}},{"from":[10.197974,5.8745136,3.717369],"to":[10.197974,6.445942,4.2887974],"rotation":{"angle":-22.5,"axis":"x","origin":[10.197974,6.160228,4.003083]},"faces":{"east":{"uv":[2.5,9.25,2.625,9.375],"rotation":0,"texture":"#0","tintindex":0},"south":{"uv":[8.25,4.0,8.25,4.125],"rotation":0,"texture":"#0","tintindex":0},"north":{"uv":[7.75,8.0,7.75,8.125],"rotation":0,"texture":"#0","tintindex":0},"west":{"uv":[8.875,10.5,9.0,10.625],"rotation":0,"texture":"#0","tintindex":0},"up":{"uv":[9.625,2.25,9.625,2.125],"rotation":0,"texture":"#0","tintindex":0},"down":{"uv":[10.75,6.5,10.75,6.625],"rotation":0,"texture":"#0","tintindex":0}}},{"from":[6.197974,5.7651753,3.7391176],"to":[6.7694025,6.336604,3.7391176],"rotation":{"angle":-22.5,"axis":"x","origin":[6.4836884,6.0508895,3.7391176]},"faces":{"east":{"uv":[11.375,10.625,11.375,10.75],"rotation":0,"texture":"#0","tintindex":0},"south":{"uv":[5.125,11.875,5.25,12.0],"rotation":0,"texture":"#0","tintindex":0},"north":{"uv":[11.875,4.875,12.0,5.0],"rotation":0,"texture":"#0","tintindex":0},"west":{"uv":[12.0,10.875,12.0,11.0],"rotation":0,"texture":"#0","tintindex":0},"up":{"uv":[5.125,9.625,5.0,9.625],"rotation":0,"texture":"#0","tintindex":0},"down":{"uv":[10.0,0.75,9.875,0.75],"rotation":0,"texture":"#0","tintindex":0}}},{"from":[6.197974,5.8745136,3.717369],"to":[6.197974,6.445942,4.2887974],"rotation":{"angle":-22.5,"axis":"x","origin":[6.197974,6.160228,4.003083]},"faces":{"east":{"uv":[0.75,11.0,0.875,11.125],"rotation":0,"texture":"#0","tintindex":0},"south":{"uv":[1.5,11.25,1.5,11.375],"rotation":0,"texture":"#0","tintindex":0},"north":{"uv":[6.625,10.875,6.625,11.0],"rotation":0,"texture":"#0","tintindex":0},"west":{"uv":[11.75,11.0,11.875,11.125],"rotation":0,"texture":"#0","tintindex":0},"up":{"uv":[11.25,9.375,11.25,9.25],"rotation":0,"texture":"#0","tintindex":0},"down":{"uv":[11.25,10.25,11.25,10.375],"rotation":0,"texture":"#0","tintindex":0}}}],"display":{"head":{"translation":[0.0,-6.4,0.0],"scale":[4.0,4.0,4.0]}}}