{"textures":{"0":"modelengine:entity/skeleton_shaman"},"elements":[{"from":[7.397974,6.279835,6.542343],"to":[9.11226,7.994121,8.828057],"rotation":{"angle":22.5,"axis":"x","origin":[8.255117,7.136978,7.6852]},"faces":{"east":{"uv":[8.375,9.625,8.875,10.0],"rotation":0,"texture":"#0","tintindex":0},"south":{"uv":[10.375,5.625,10.75,6.0],"rotation":0,"texture":"#0","tintindex":0},"north":{"uv":[10.375,5.125,10.75,5.5],"rotation":0,"texture":"#0","tintindex":0},"west":{"uv":[9.625,9.5,10.125,9.875],"rotation":0,"texture":"#0","tintindex":0},"up":{"uv":[0.375,10.25,0.0,9.75],"rotation":0,"texture":"#0","tintindex":0},"down":{"uv":[2.0,9.75,1.625,10.25],"rotation":0,"texture":"#0","tintindex":0}}},{"from":[7.6836886,7.002902,-1.3706627],"to":[8.826546,8.14576,14.629338],"rotation":{"angle":22.5,"axis":"x","origin":[8.255117,7.574331,6.629338]},"faces":{"east":{"uv":[2.5,0.875,6.0,1.125],"rotation":0,"texture":"#0","tintindex":0},"south":{"uv":[0.375,11.625,0.625,11.875],"rotation":0,"texture":"#0","tintindex":0},"north":{"uv":[11.5,11.25,11.75,11.5],"rotation":0,"texture":"#0","tintindex":0},"west":{"uv":[3.375,3.125,6.875,3.375],"rotation":0,"texture":"#0","tintindex":0},"up":{"uv":[0.25,6.875,0.0,3.375],"rotation":0,"texture":"#0","tintindex":0},"down":{"uv":[0.625,3.375,0.375,6.875],"rotation":0,"texture":"#0","tintindex":0}}},{"from":[7.11226,9.845694,-2.5194817],"to":[9.397974,12.131408,-0.23376751],"rotation":{"angle":22.5,"axis":"x","origin":[8.255117,10.98855,-1.3766241]},"faces":{"east":{"uv":[9.0,5.875,9.5,6.375],"rotation":0,"texture":"#0","tintindex":0},"south":{"uv":[9.0,6.5,9.5,7.0],"rotation":0,"texture":"#0","tintindex":0},"north":{"uv":[9.0,5.25,9.5,5.75],"rotation":0,"texture":"#0","tintindex":0},"west":{"uv":[9.5,5.875,9.0,6.375],"rotation":0,"texture":"#0","tintindex":0},"up":{"uv":[7.75,9.5,7.25,9.0],"rotation":0,"texture":"#0","tintindex":0},"down":{"uv":[0.5,9.125,0.0,9.625],"rotation":0,"texture":"#0","tintindex":0}}},{"from":[7.397974,8.940218,-0.53242874],"to":[9.11226,10.083075,0.6104288],"rotation":{"angle":45.0,"axis":"x","origin":[8.255117,9.511646,0.039000034]},"faces":{"east":{"uv":[11.625,1.875,11.875,2.125],"rotation":0,"texture":"#0","tintindex":0},"south":{"uv":[5.875,11.25,6.25,11.5],"rotation":0,"texture":"#0","tintindex":0},"north":{"uv":[11.25,2.375,11.625,2.625],"rotation":0,"texture":"#0","tintindex":0},"west":{"uv":[11.875,1.875,11.625,2.125],"rotation":0,"texture":"#0","tintindex":0},"up":{"uv":[11.625,8.0,11.25,7.75],"rotation":0,"texture":"#0","tintindex":0},"down":{"uv":[11.625,8.5,11.25,8.75],"rotation":0,"texture":"#0","tintindex":0}}},{"from":[7.11226,11.455422,0.029595375],"to":[9.397974,11.455422,2.8867383],"rotation":{"angle":0.0,"axis":"y","origin":[8.255117,11.455422,1.4581666]},"faces":{"east":{"uv":[12.25,7.625,12.875,7.625],"rotation":0,"texture":"#0","tintindex":0},"south":{"uv":[7.75,12.25,8.25,12.25],"rotation":0,"texture":"#0","tintindex":0},"north":{"uv":[12.25,7.0,12.75,7.0],"rotation":0,"texture":"#0","tintindex":0},"west":{"uv":[12.25,7.75,12.875,7.75],"rotation":0,"texture":"#0","tintindex":0},"up":{"uv":[9.0,1.5,8.5,0.875],"rotation":0,"texture":"#0","tintindex":0},"down":{"uv":[9.0,0.875,8.5,1.5],"rotation":0,"texture":"#0","tintindex":0}}},{"from":[6.7163115,9.39956,-0.85747814],"to":[6.7163115,11.685274,1.9996648],"rotation":{"angle":-22.5,"axis":"y","origin":[6.7163115,10.542418,0.5710931]},"faces":{"east":{"uv":[9.125,2.375,8.5,2.875],"rotation":0,"texture":"#0","tintindex":0},"south":{"uv":[7.0,12.25,7.0,12.75],"rotation":0,"texture":"#0","tintindex":0},"north":{"uv":[6.875,12.25,6.875,12.75],"rotation":0,"texture":"#0","tintindex":0},"west":{"uv":[8.5,2.375,9.125,2.875],"rotation":0,"texture":"#0","tintindex":0},"up":{"uv":[12.25,9.125,12.25,8.5],"rotation":0,"texture":"#0","tintindex":0},"down":{"uv":[12.25,11.625,12.25,12.25],"rotation":0,"texture":"#0","tintindex":0}}},{"from":[6.453799,11.242806,-4.8879557],"to":[7.0252275,11.814235,-3.1736698],"rotation":{"angle":45.0,"axis":"x","origin":[6.7395134,11.528521,-4.0308123]},"faces":{"east":{"uv":[12.0,7.25,11.625,7.375],"rotation":0,"texture":"#0","tintindex":0},"south":{"uv":[10.375,11.875,10.25,12.0],"rotation":0,"texture":"#0","tintindex":0},"north":{"uv":[10.125,11.875,10.0,12.0],"rotation":0,"texture":"#0","tintindex":0},"west":{"uv":[12.0,4.25,11.625,4.375],"rotation":0,"texture":"#0","tintindex":0},"up":{"uv":[7.125,12.0,7.25,11.625],"rotation":0,"texture":"#0","tintindex":0},"down":{"uv":[11.0,11.625,11.125,12.0],"rotation":0,"texture":"#0","tintindex":0}}},{"from":[6.803562,10.720399,-3.5826597],"to":[7.3749905,11.8632555,-1.8683739],"rotation":{"angle":22.5,"axis":"y","origin":[7.0892763,11.291827,-2.7255163]},"faces":{"east":{"uv":[11.75,0.0,11.375,0.25],"rotation":0,"texture":"#0","tintindex":0},"south":{"uv":[4.5,11.875,4.375,12.125],"rotation":0,"texture":"#0","tintindex":0},"north":{"uv":[12.0,3.0,11.875,3.25],"rotation":0,"texture":"#0","tintindex":0},"west":{"uv":[11.375,11.25,11.0,11.5],"rotation":0,"texture":"#0","tintindex":0},"up":{"uv":[11.25,12.0,11.375,11.625],"rotation":0,"texture":"#0","tintindex":0},"down":{"uv":[11.5,11.625,11.625,12.0],"rotation":0,"texture":"#0","tintindex":0}}},{"from":[7.969403,2.6233988,13.577044],"to":[8.540832,4.909113,14.7199],"rotation":{"angle":-22.5,"axis":"x","origin":[8.255117,3.7662559,14.148472]},"faces":{"east":{"uv":[2.625,11.0,2.875,11.5],"rotation":0,"texture":"#0","tintindex":0},"south":{"uv":[3.0,11.625,3.125,12.125],"rotation":0,"texture":"#0","tintindex":0},"north":{"uv":[10.75,11.5,10.875,12.0],"rotation":0,"texture":"#0","tintindex":0},"west":{"uv":[3.0,11.0,3.25,11.5],"rotation":0,"texture":"#0","tintindex":0},"up":{"uv":[4.75,12.125,4.625,11.875],"rotation":0,"texture":"#0","tintindex":0},"down":{"uv":[5.0,11.875,4.875,12.125],"rotation":0,"texture":"#0","tintindex":0}}},{"from":[7.9836884,2.4917169,14.057894],"to":[8.526546,3.0631456,16.343609],"rotation":{"angle":0.0,"axis":"y","origin":[8.255117,2.7774315,15.20075]},"faces":{"east":{"uv":[11.375,9.625,11.875,9.75],"rotation":0,"texture":"#0","tintindex":0},"south":{"uv":[0.25,12.0,0.375,12.125],"rotation":0,"texture":"#0","tintindex":0},"north":{"uv":[11.875,11.25,12.0,11.375],"rotation":0,"texture":"#0","tintindex":0},"west":{"uv":[11.625,2.75,12.125,2.875],"rotation":0,"texture":"#0","tintindex":0},"up":{"uv":[6.0,12.125,5.875,11.625],"rotation":0,"texture":"#0","tintindex":0},"down":{"uv":[6.25,11.625,6.125,12.125],"rotation":0,"texture":"#0","tintindex":0}}},{"from":[9.185722,10.720399,-3.5826597],"to":[9.757151,11.8632555,-1.8683739],"rotation":{"angle":-22.5,"axis":"y","origin":[9.4714365,11.291827,-2.7255163]},"faces":{"east":{"uv":[11.0,11.25,11.375,11.5],"rotation":0,"texture":"#0","tintindex":0},"south":{"uv":[4.375,11.875,4.5,12.125],"rotation":0,"texture":"#0","tintindex":0},"north":{"uv":[11.875,3.0,12.0,3.25],"rotation":0,"texture":"#0","tintindex":0},"west":{"uv":[11.375,0.0,11.75,0.25],"rotation":0,"texture":"#0","tintindex":0},"up":{"uv":[11.375,12.0,11.25,11.625],"rotation":0,"texture":"#0","tintindex":0},"down":{"uv":[11.625,11.625,11.5,12.0],"rotation":0,"texture":"#0","tintindex":0}}},{"from":[9.535485,11.242806,-4.8879557],"to":[10.106914,11.814235,-3.1736698],"rotation":{"angle":45.0,"axis":"x","origin":[9.821199,11.528521,-4.0308123]},"faces":{"east":{"uv":[11.625,4.25,12.0,4.375],"rotation":0,"texture":"#0","tintindex":0},"south":{"uv":[10.25,11.875,10.375,12.0],"rotation":0,"texture":"#0","tintindex":0},"north":{"uv":[10.0,11.875,10.125,12.0],"rotation":0,"texture":"#0","tintindex":0},"west":{"uv":[11.625,7.25,12.0,7.375],"rotation":0,"texture":"#0","tintindex":0},"up":{"uv":[7.25,12.0,7.125,11.625],"rotation":0,"texture":"#0","tintindex":0},"down":{"uv":[11.125,11.625,11.0,12.0],"rotation":0,"texture":"#0","tintindex":0}}},{"from":[9.767409,9.39956,-0.8355007],"to":[9.767409,11.685274,2.0216422],"rotation":{"angle":22.5,"axis":"y","origin":[9.767409,10.542418,0.5930705]},"faces":{"east":{"uv":[8.375,8.5,9.0,9.0],"rotation":0,"texture":"#0","tintindex":0},"south":{"uv":[11.875,12.25,11.875,12.75],"rotation":0,"texture":"#0","tintindex":0},"north":{"uv":[12.25,9.25,12.25,9.75],"rotation":0,"texture":"#0","tintindex":0},"west":{"uv":[9.0,8.5,8.375,9.0],"rotation":0,"texture":"#0","tintindex":0},"up":{"uv":[12.375,0.625,12.375,0.0],"rotation":0,"texture":"#0","tintindex":0},"down":{"uv":[2.625,12.375,2.625,13.0],"rotation":0,"texture":"#0","tintindex":0}}}],"display":{"head":{"translation":[0.0,-6.4,0.0],"scale":[4.0,4.0,4.0]}}}