{"textures":{"0":"modelengine:entity/skeleton_shaman"},"elements":[{"from":[7.1938925,4.6322894,6.1791363],"to":[7.1938925,7.4894323,8.46485],"rotation":{"angle":22.5,"axis":"x","origin":[7.1938925,6.060861,7.321994]},"faces":{"east":{"uv":[7.125,4.125,6.625,4.75],"rotation":0,"texture":"#0","tintindex":0},"south":{"uv":[9.875,12.125,9.875,12.75],"rotation":0,"texture":"#0","tintindex":0},"north":{"uv":[9.75,12.125,9.75,12.75],"rotation":0,"texture":"#0","tintindex":0},"west":{"uv":[6.625,4.125,7.125,4.75],"rotation":0,"texture":"#0","tintindex":0},"up":{"uv":[10.0,12.625,10.0,12.125],"rotation":0,"texture":"#0","tintindex":0},"down":{"uv":[10.125,12.125,10.125,12.625],"rotation":0,"texture":"#0","tintindex":0}}},{"from":[7.4796066,4.0608606,6.464851],"to":[9.1938925,8.060861,8.179136],"rotation":{"angle":22.5,"axis":"x","origin":[8.33675,6.060861,7.321994]},"faces":{"east":{"uv":[8.0,0.5,8.375,1.375],"rotation":0,"texture":"#0","tintindex":0},"south":{"uv":[8.0,1.5,8.375,2.375],"rotation":0,"texture":"#0","tintindex":0},"north":{"uv":[7.875,7.25,8.25,8.125],"rotation":0,"texture":"#0","tintindex":0},"west":{"uv":[7.25,8.0,7.625,8.875],"rotation":0,"texture":"#0","tintindex":0},"up":{"uv":[6.625,10.75,6.25,10.375],"rotation":0,"texture":"#0","tintindex":0},"down":{"uv":[8.125,10.375,7.75,10.75],"rotation":0,"texture":"#0","tintindex":0}}},{"from":[7.1938925,5.069642,6.2661314],"to":[9.479607,7.926785,6.2661314],"rotation":{"angle":22.5,"axis":"x","origin":[8.33675,6.4982133,6.2661314]},"faces":{"east":{"uv":[11.25,12.125,11.25,12.75],"rotation":0,"texture":"#0","tintindex":0},"south":{"uv":[5.125,8.25,4.625,8.875],"rotation":0,"texture":"#0","tintindex":0},"north":{"uv":[4.625,8.25,5.125,8.875],"rotation":0,"texture":"#0","tintindex":0},"west":{"uv":[11.375,12.125,11.375,12.75],"rotation":0,"texture":"#0","tintindex":0},"up":{"uv":[12.625,9.875,12.125,9.875],"rotation":0,"texture":"#0","tintindex":0},"down":{"uv":[12.625,10.0,12.125,10.0],"rotation":0,"texture":"#0","tintindex":0}}},{"from":[7.1938925,4.1949368,8.377856],"to":[9.479607,7.05208,8.377856],"rotation":{"angle":22.5,"axis":"x","origin":[8.33675,5.6235085,8.377856]},"faces":{"east":{"uv":[11.5,12.125,11.5,12.75],"rotation":0,"texture":"#0","tintindex":0},"south":{"uv":[0.625,8.375,1.125,9.0],"rotation":0,"texture":"#0","tintindex":0},"north":{"uv":[1.125,8.375,0.625,9.0],"rotation":0,"texture":"#0","tintindex":0},"west":{"uv":[11.625,12.125,11.625,12.75],"rotation":0,"texture":"#0","tintindex":0},"up":{"uv":[12.625,10.125,12.125,10.125],"rotation":0,"texture":"#0","tintindex":0},"down":{"uv":[12.625,10.25,12.125,10.25],"rotation":0,"texture":"#0","tintindex":0}}},{"from":[9.479607,4.6322894,6.1791363],"to":[9.479607,7.4894323,8.46485],"rotation":{"angle":22.5,"axis":"x","origin":[9.479607,6.060861,7.321994]},"faces":{"east":{"uv":[3.375,8.25,3.875,8.875],"rotation":0,"texture":"#0","tintindex":0},"south":{"uv":[10.875,12.125,10.875,12.75],"rotation":0,"texture":"#0","tintindex":0},"north":{"uv":[10.75,12.125,10.75,12.75],"rotation":0,"texture":"#0","tintindex":0},"west":{"uv":[3.875,8.25,3.375,8.875],"rotation":0,"texture":"#0","tintindex":0},"up":{"uv":[11.0,12.625,11.0,12.125],"rotation":0,"texture":"#0","tintindex":0},"down":{"uv":[11.125,12.125,11.125,12.625],"rotation":0,"texture":"#0","tintindex":0}}}],"display":{"head":{"translation":[0.0,-6.4,0.0],"scale":[4.0,4.0,4.0]}}}