{"textures":{"0":"modelengine:entity/skeleton_shaman"},"elements":[{"from":[7.3408313,6.428571,5.3948097],"to":[9.055117,7.5714283,8.823381],"rotation":{"angle":0.0,"axis":"y","origin":[8.197974,7.0,7.1090956]},"faces":{"east":{"uv":[9.75,2.125,10.5,2.375],"rotation":0,"texture":"#0","tintindex":0},"south":{"uv":[5.375,11.125,5.75,11.375],"rotation":0,"texture":"#0","tintindex":0},"north":{"uv":[4.875,11.125,5.25,11.375],"rotation":0,"texture":"#0","tintindex":0},"west":{"uv":[9.75,2.5,10.5,2.75],"rotation":0,"texture":"#0","tintindex":0},"up":{"uv":[9.375,4.375,9.0,3.625],"rotation":0,"texture":"#0","tintindex":0},"down":{"uv":[4.875,9.0,4.5,9.75],"rotation":0,"texture":"#0","tintindex":0}}}],"display":{"head":{"translation":[0.0,-6.4,0.0],"scale":[4.0,4.0,4.0]}}}