{"textures":{"0":"modelengine:entity/skeleton_shaman"},"elements":[{"from":[7.3408313,3.3958845,6.423191],"to":[9.055117,7.9673133,8.137477],"rotation":{"angle":22.5,"axis":"x","origin":[8.197974,5.681599,7.2803335]},"faces":{"east":{"uv":[7.5,1.625,7.875,2.625],"rotation":0,"texture":"#0","tintindex":0},"south":{"uv":[1.5,7.625,1.875,8.625],"rotation":0,"texture":"#0","tintindex":0},"north":{"uv":[7.5,0.5,7.875,1.5],"rotation":0,"texture":"#0","tintindex":0},"west":{"uv":[6.75,7.625,7.125,8.625],"rotation":0,"texture":"#0","tintindex":0},"up":{"uv":[3.5,10.875,3.125,10.5],"rotation":0,"texture":"#0","tintindex":0},"down":{"uv":[4.625,10.5,4.25,10.875],"rotation":0,"texture":"#0","tintindex":0}}}],"display":{"head":{"translation":[0.0,-6.4,0.0],"scale":[4.0,4.0,4.0]}}}