{"textures":{"0":"modelengine:entity/skeleton_shaman"},"elements":[{"from":[6.496427,6.8801956,6.526395],"to":[9.35357,8.594481,9.383537],"rotation":{"angle":22.5,"axis":"z","origin":[7.9249988,7.7373385,7.954966]},"faces":{"east":{"uv":[9.125,8.5,9.75,8.875],"rotation":0,"texture":"#0","tintindex":0},"south":{"uv":[9.125,9.0,9.75,9.375],"rotation":0,"texture":"#0","tintindex":0},"north":{"uv":[8.375,9.125,9.0,9.5],"rotation":0,"texture":"#0","tintindex":0},"west":{"uv":[1.75,9.25,2.375,9.625],"rotation":0,"texture":"#0","tintindex":0},"up":{"uv":[6.875,1.875,6.25,1.25],"rotation":0,"texture":"#0","tintindex":0},"down":{"uv":[6.875,2.0,6.25,2.625],"rotation":0,"texture":"#0","tintindex":0}}},{"from":[5.8022847,3.0970883,7.097823],"to":[7.5165706,7.6685166,8.812109],"rotation":{"angle":-22.5,"axis":"z","origin":[6.6594276,5.382802,7.954966]},"faces":{"east":{"uv":[5.0,7.125,5.375,8.125],"rotation":0,"texture":"#0","tintindex":0},"south":{"uv":[0.5,7.25,0.875,8.25],"rotation":0,"texture":"#0","tintindex":0},"north":{"uv":[4.5,7.125,4.875,8.125],"rotation":0,"texture":"#0","tintindex":0},"west":{"uv":[1.0,7.25,1.375,8.25],"rotation":0,"texture":"#0","tintindex":0},"up":{"uv":[10.0,10.75,9.625,10.375],"rotation":0,"texture":"#0","tintindex":0},"down":{"uv":[10.75,10.0,10.375,10.375],"rotation":0,"texture":"#0","tintindex":0}}},{"from":[5.730466,5.234145,6.526395],"to":[5.730466,8.091289,9.383537],"rotation":{"angle":-22.5,"axis":"z","origin":[5.730466,6.662717,7.954966]},"faces":{"east":{"uv":[3.375,6.375,2.75,7.0],"rotation":0,"texture":"#0","tintindex":0},"south":{"uv":[2.875,12.375,2.875,13.0],"rotation":0,"texture":"#0","tintindex":0},"north":{"uv":[2.75,12.375,2.75,13.0],"rotation":0,"texture":"#0","tintindex":0},"west":{"uv":[2.75,6.375,3.375,7.0],"rotation":0,"texture":"#0","tintindex":0},"up":{"uv":[12.375,5.875,12.375,5.25],"rotation":0,"texture":"#0","tintindex":0},"down":{"uv":[7.625,12.375,7.625,13.0],"rotation":0,"texture":"#0","tintindex":0}}},{"from":[5.6652193,4.906131,6.5406804],"to":[7.379505,7.7632737,6.5406804],"rotation":{"angle":-22.5,"axis":"z","origin":[6.5223627,6.3347025,6.5406804]},"faces":{"east":{"uv":[7.75,12.375,7.75,13.0],"rotation":0,"texture":"#0","tintindex":0},"south":{"uv":[9.625,2.375,9.25,3.0],"rotation":0,"texture":"#0","tintindex":0},"north":{"uv":[9.25,2.375,9.625,3.0],"rotation":0,"texture":"#0","tintindex":0},"west":{"uv":[7.875,12.375,7.875,13.0],"rotation":0,"texture":"#0","tintindex":0},"up":{"uv":[12.625,7.875,12.25,7.875],"rotation":0,"texture":"#0","tintindex":0},"down":{"uv":[12.75,0.75,12.375,0.75],"rotation":0,"texture":"#0","tintindex":0}}},{"from":[5.6652193,4.906131,9.369252],"to":[7.379505,7.7632737,9.369252],"rotation":{"angle":-22.5,"axis":"z","origin":[6.5223627,6.3347025,9.369252]},"faces":{"east":{"uv":[8.0,12.375,8.0,13.0],"rotation":0,"texture":"#0","tintindex":0},"south":{"uv":[2.5,9.5,2.875,10.125],"rotation":0,"texture":"#0","tintindex":0},"north":{"uv":[2.875,9.5,2.5,10.125],"rotation":0,"texture":"#0","tintindex":0},"west":{"uv":[8.125,12.375,8.125,13.0],"rotation":0,"texture":"#0","tintindex":0},"up":{"uv":[12.75,0.875,12.375,0.875],"rotation":0,"texture":"#0","tintindex":0},"down":{"uv":[12.75,1.0,12.375,1.0],"rotation":0,"texture":"#0","tintindex":0}}}],"display":{"head":{"translation":[0.0,-6.4,0.0],"scale":[4.0,4.0,4.0]}}}