{"textures":{"0":"modelengine:entity/skeleton_shaman"},"elements":[{"from":[7.355117,3.3413782,7.9088416],"to":[9.040832,7.912807,9.623128],"rotation":{"angle":-22.5,"axis":"x","origin":[8.197974,5.6270924,8.765985]},"faces":{"east":{"uv":[5.75,7.0,6.125,8.0],"rotation":0,"texture":"#0","tintindex":0},"south":{"uv":[6.25,7.0,6.625,8.0],"rotation":0,"texture":"#0","tintindex":0},"north":{"uv":[7.0,2.375,7.375,3.375],"rotation":0,"texture":"#0","tintindex":0},"west":{"uv":[2.0,7.125,2.375,8.125],"rotation":0,"texture":"#0","tintindex":0},"up":{"uv":[7.625,10.625,7.25,10.25],"rotation":0,"texture":"#0","tintindex":0},"down":{"uv":[9.5,10.25,9.125,10.625],"rotation":0,"texture":"#0","tintindex":0}}},{"from":[7.008928,4.176678,7.648825],"to":[7.008928,7.033821,9.93454],"rotation":{"angle":-22.5,"axis":"x","origin":[7.008928,5.6052494,8.791682]},"faces":{"east":{"uv":[3.375,8.25,3.875,8.875],"rotation":0,"texture":"#0","tintindex":0},"south":{"uv":[10.875,12.125,10.875,12.75],"rotation":0,"texture":"#0","tintindex":0},"north":{"uv":[10.75,12.125,10.75,12.75],"rotation":0,"texture":"#0","tintindex":0},"west":{"uv":[3.875,8.25,3.375,8.875],"rotation":0,"texture":"#0","tintindex":0},"up":{"uv":[11.0,12.625,11.0,12.125],"rotation":0,"texture":"#0","tintindex":0},"down":{"uv":[11.125,12.125,11.125,12.625],"rotation":0,"texture":"#0","tintindex":0}}},{"from":[7.008928,4.6140304,9.847545],"to":[9.2946415,7.4711733,9.847545],"rotation":{"angle":-22.5,"axis":"x","origin":[8.151785,6.042602,9.847545]},"faces":{"east":{"uv":[11.625,12.125,11.625,12.75],"rotation":0,"texture":"#0","tintindex":0},"south":{"uv":[1.125,8.375,0.625,9.0],"rotation":0,"texture":"#0","tintindex":0},"north":{"uv":[0.625,8.375,1.125,9.0],"rotation":0,"texture":"#0","tintindex":0},"west":{"uv":[11.5,12.125,11.5,12.75],"rotation":0,"texture":"#0","tintindex":0},"up":{"uv":[12.125,10.125,12.625,10.125],"rotation":0,"texture":"#0","tintindex":0},"down":{"uv":[12.125,10.25,12.625,10.25],"rotation":0,"texture":"#0","tintindex":0}}},{"from":[9.2946415,4.176678,7.648825],"to":[9.2946415,7.033821,9.93454],"rotation":{"angle":-22.5,"axis":"x","origin":[9.2946415,5.6052494,8.791682]},"faces":{"east":{"uv":[7.125,4.125,6.625,4.75],"rotation":0,"texture":"#0","tintindex":0},"south":{"uv":[9.875,12.125,9.875,12.75],"rotation":0,"texture":"#0","tintindex":0},"north":{"uv":[9.75,12.125,9.75,12.75],"rotation":0,"texture":"#0","tintindex":0},"west":{"uv":[6.625,4.125,7.125,4.75],"rotation":0,"texture":"#0","tintindex":0},"up":{"uv":[10.0,12.625,10.0,12.125],"rotation":0,"texture":"#0","tintindex":0},"down":{"uv":[10.125,12.125,10.125,12.625],"rotation":0,"texture":"#0","tintindex":0}}},{"from":[7.008928,3.7393255,7.7358203],"to":[9.2946415,6.5964684,7.7358203],"rotation":{"angle":-22.5,"axis":"x","origin":[8.151785,5.167897,7.7358203]},"faces":{"east":{"uv":[11.375,12.125,11.375,12.75],"rotation":0,"texture":"#0","tintindex":0},"south":{"uv":[4.625,8.25,5.125,8.875],"rotation":0,"texture":"#0","tintindex":0},"north":{"uv":[5.125,8.25,4.625,8.875],"rotation":0,"texture":"#0","tintindex":0},"west":{"uv":[11.25,12.125,11.25,12.75],"rotation":0,"texture":"#0","tintindex":0},"up":{"uv":[12.125,9.875,12.625,9.875],"rotation":0,"texture":"#0","tintindex":0},"down":{"uv":[12.125,10.0,12.625,10.0],"rotation":0,"texture":"#0","tintindex":0}}}],"display":{"head":{"translation":[0.0,-6.4,0.0],"scale":[4.0,4.0,4.0]}}}