{"textures":{"0":"modelengine:entity/skeleton_shaman"},"elements":[{"from":[7.3408313,6.428571,5.3948097],"to":[9.055117,7.5714283,8.823381],"rotation":{"angle":0.0,"axis":"y","origin":[8.197974,7.0,7.1090956]},"faces":{"east":{"uv":[9.0,7.75,9.75,8.0],"rotation":0,"texture":"#0","tintindex":0},"south":{"uv":[3.875,11.0,4.25,11.25],"rotation":0,"texture":"#0","tintindex":0},"north":{"uv":[3.375,11.0,3.75,11.25],"rotation":0,"texture":"#0","tintindex":0},"west":{"uv":[9.625,7.375,10.375,7.625],"rotation":0,"texture":"#0","tintindex":0},"up":{"uv":[6.125,9.625,5.75,8.875],"rotation":0,"texture":"#0","tintindex":0},"down":{"uv":[6.625,8.875,6.25,9.625],"rotation":0,"texture":"#0","tintindex":0}}}],"display":{"head":{"translation":[0.0,-6.4,0.0],"scale":[4.0,4.0,4.0]}}}