{"textures":{"0":"modelengine:entity/skeleton_shaman"},"elements":[{"from":[7.197974,6.351264,6.542343],"to":[8.91226,8.06555,8.828057],"rotation":{"angle":22.5,"axis":"x","origin":[8.055117,7.208407,7.6852]},"faces":{"east":{"uv":[9.625,6.25,10.125,6.625],"rotation":0,"texture":"#0","tintindex":0},"south":{"uv":[10.25,6.25,10.625,6.625],"rotation":0,"texture":"#0","tintindex":0},"north":{"uv":[5.75,10.25,6.125,10.625],"rotation":0,"texture":"#0","tintindex":0},"west":{"uv":[6.75,9.625,7.25,10.0],"rotation":0,"texture":"#0","tintindex":0},"up":{"uv":[10.0,7.25,9.625,6.75],"rotation":0,"texture":"#0","tintindex":0},"down":{"uv":[7.75,9.625,7.375,10.125],"rotation":0,"texture":"#0","tintindex":0}}}],"display":{"head":{"translation":[0.0,-6.4,0.0],"scale":[4.0,4.0,4.0]}}}