{"textures":{"0":"modelengine:entity/skeleton_shaman"},"elements":[{"from":[8.879377,3.0970883,7.097823],"to":[10.593663,7.6685166,8.812109],"rotation":{"angle":22.5,"axis":"z","origin":[9.736521,5.382802,7.954966]},"faces":{"east":{"uv":[6.875,6.5,7.25,7.5],"rotation":0,"texture":"#0","tintindex":0},"south":{"uv":[0.0,7.0,0.375,8.0],"rotation":0,"texture":"#0","tintindex":0},"north":{"uv":[1.5,6.5,1.875,7.5],"rotation":0,"texture":"#0","tintindex":0},"west":{"uv":[7.0,1.25,7.375,2.25],"rotation":0,"texture":"#0","tintindex":0},"up":{"uv":[5.125,10.625,4.75,10.25],"rotation":0,"texture":"#0","tintindex":0},"down":{"uv":[5.625,10.25,5.25,10.625],"rotation":0,"texture":"#0","tintindex":0}}},{"from":[9.016443,4.906131,9.369252],"to":[10.730729,7.7632737,9.369252],"rotation":{"angle":22.5,"axis":"z","origin":[9.873586,6.3347025,9.369252]},"faces":{"east":{"uv":[8.125,12.375,8.125,13.0],"rotation":0,"texture":"#0","tintindex":0},"south":{"uv":[2.875,9.5,2.5,10.125],"rotation":0,"texture":"#0","tintindex":0},"north":{"uv":[2.5,9.5,2.875,10.125],"rotation":0,"texture":"#0","tintindex":0},"west":{"uv":[8.0,12.375,8.0,13.0],"rotation":0,"texture":"#0","tintindex":0},"up":{"uv":[12.375,0.875,12.75,0.875],"rotation":0,"texture":"#0","tintindex":0},"down":{"uv":[12.375,1.0,12.75,1.0],"rotation":0,"texture":"#0","tintindex":0}}},{"from":[10.6654825,5.234145,6.526395],"to":[10.6654825,8.091289,9.383537],"rotation":{"angle":22.5,"axis":"z","origin":[10.6654825,6.662717,7.954966]},"faces":{"east":{"uv":[3.375,6.375,2.75,7.0],"rotation":0,"texture":"#0","tintindex":0},"south":{"uv":[2.875,12.375,2.875,13.0],"rotation":0,"texture":"#0","tintindex":0},"north":{"uv":[2.75,12.375,2.75,13.0],"rotation":0,"texture":"#0","tintindex":0},"west":{"uv":[2.75,6.375,3.375,7.0],"rotation":0,"texture":"#0","tintindex":0},"up":{"uv":[12.375,5.875,12.375,5.25],"rotation":0,"texture":"#0","tintindex":0},"down":{"uv":[7.625,12.375,7.625,13.0],"rotation":0,"texture":"#0","tintindex":0}}},{"from":[9.016443,4.906131,6.5406804],"to":[10.730729,7.7632737,6.5406804],"rotation":{"angle":22.5,"axis":"z","origin":[9.873586,6.3347025,6.5406804]},"faces":{"east":{"uv":[7.875,12.375,7.875,13.0],"rotation":0,"texture":"#0","tintindex":0},"south":{"uv":[9.25,2.375,9.625,3.0],"rotation":0,"texture":"#0","tintindex":0},"north":{"uv":[9.625,2.375,9.25,3.0],"rotation":0,"texture":"#0","tintindex":0},"west":{"uv":[7.75,12.375,7.75,13.0],"rotation":0,"texture":"#0","tintindex":0},"up":{"uv":[12.25,7.875,12.625,7.875],"rotation":0,"texture":"#0","tintindex":0},"down":{"uv":[12.375,0.75,12.75,0.75],"rotation":0,"texture":"#0","tintindex":0}}},{"from":[7.0423784,6.8801956,6.526395],"to":[9.899521,8.594481,9.383537],"rotation":{"angle":-22.5,"axis":"z","origin":[8.47095,7.7373385,7.954966]},"faces":{"east":{"uv":[2.375,9.25,1.75,9.625],"rotation":0,"texture":"#0","tintindex":0},"south":{"uv":[9.75,9.0,9.125,9.375],"rotation":0,"texture":"#0","tintindex":0},"north":{"uv":[9.0,9.125,8.375,9.5],"rotation":0,"texture":"#0","tintindex":0},"west":{"uv":[9.75,8.5,9.125,8.875],"rotation":0,"texture":"#0","tintindex":0},"up":{"uv":[6.25,1.875,6.875,1.25],"rotation":0,"texture":"#0","tintindex":0},"down":{"uv":[6.25,2.0,6.875,2.625],"rotation":0,"texture":"#0","tintindex":0}}}],"display":{"head":{"translation":[0.0,-6.4,0.0],"scale":[4.0,4.0,4.0]}}}