{"textures":{"0":"modelengine:entity/skeleton_shaman"},"elements":[{"from":[6.8306274,5.1410704,6.2661314],"to":[9.116342,7.998214,6.2661314],"rotation":{"angle":22.5,"axis":"x","origin":[7.9734845,6.569642,6.2661314]},"faces":{"east":{"uv":[11.375,12.125,11.375,12.75],"rotation":0,"texture":"#0","tintindex":0},"south":{"uv":[4.625,8.25,5.125,8.875],"rotation":0,"texture":"#0","tintindex":0},"north":{"uv":[5.125,8.25,4.625,8.875],"rotation":0,"texture":"#0","tintindex":0},"west":{"uv":[11.25,12.125,11.25,12.75],"rotation":0,"texture":"#0","tintindex":0},"up":{"uv":[12.125,9.875,12.625,9.875],"rotation":0,"texture":"#0","tintindex":0},"down":{"uv":[12.125,10.0,12.625,10.0],"rotation":0,"texture":"#0","tintindex":0}}},{"from":[7.1163416,4.1322894,6.464851],"to":[8.830627,8.13229,8.179136],"rotation":{"angle":22.5,"axis":"x","origin":[7.9734845,6.1322894,7.321994]},"faces":{"east":{"uv":[7.875,4.25,8.25,5.125],"rotation":0,"texture":"#0","tintindex":0},"south":{"uv":[7.875,5.25,8.25,6.125],"rotation":0,"texture":"#0","tintindex":0},"north":{"uv":[7.75,3.25,8.125,4.125],"rotation":0,"texture":"#0","tintindex":0},"west":{"uv":[7.875,6.25,8.25,7.125],"rotation":0,"texture":"#0","tintindex":0},"up":{"uv":[2.5,10.625,2.125,10.25],"rotation":0,"texture":"#0","tintindex":0},"down":{"uv":[10.625,4.625,10.25,5.0],"rotation":0,"texture":"#0","tintindex":0}}},{"from":[9.116342,4.703718,6.1791363],"to":[9.116342,7.560861,8.46485],"rotation":{"angle":22.5,"axis":"x","origin":[9.116342,6.1322894,7.321994]},"faces":{"east":{"uv":[7.125,4.125,6.625,4.75],"rotation":0,"texture":"#0","tintindex":0},"south":{"uv":[9.875,12.125,9.875,12.75],"rotation":0,"texture":"#0","tintindex":0},"north":{"uv":[9.75,12.125,9.75,12.75],"rotation":0,"texture":"#0","tintindex":0},"west":{"uv":[6.625,4.125,7.125,4.75],"rotation":0,"texture":"#0","tintindex":0},"up":{"uv":[10.0,12.625,10.0,12.125],"rotation":0,"texture":"#0","tintindex":0},"down":{"uv":[10.125,12.125,10.125,12.625],"rotation":0,"texture":"#0","tintindex":0}}},{"from":[6.8306274,4.2663655,8.377856],"to":[9.116342,7.1235085,8.377856],"rotation":{"angle":22.5,"axis":"x","origin":[7.9734845,5.6949368,8.377856]},"faces":{"east":{"uv":[11.625,12.125,11.625,12.75],"rotation":0,"texture":"#0","tintindex":0},"south":{"uv":[1.125,8.375,0.625,9.0],"rotation":0,"texture":"#0","tintindex":0},"north":{"uv":[0.625,8.375,1.125,9.0],"rotation":0,"texture":"#0","tintindex":0},"west":{"uv":[11.5,12.125,11.5,12.75],"rotation":0,"texture":"#0","tintindex":0},"up":{"uv":[12.125,10.125,12.625,10.125],"rotation":0,"texture":"#0","tintindex":0},"down":{"uv":[12.125,10.25,12.625,10.25],"rotation":0,"texture":"#0","tintindex":0}}},{"from":[6.8306274,4.703718,6.1791363],"to":[6.8306274,7.560861,8.46485],"rotation":{"angle":22.5,"axis":"x","origin":[6.8306274,6.1322894,7.321994]},"faces":{"east":{"uv":[3.375,8.25,3.875,8.875],"rotation":0,"texture":"#0","tintindex":0},"south":{"uv":[10.875,12.125,10.875,12.75],"rotation":0,"texture":"#0","tintindex":0},"north":{"uv":[10.75,12.125,10.75,12.75],"rotation":0,"texture":"#0","tintindex":0},"west":{"uv":[3.875,8.25,3.375,8.875],"rotation":0,"texture":"#0","tintindex":0},"up":{"uv":[11.0,12.625,11.0,12.125],"rotation":0,"texture":"#0","tintindex":0},"down":{"uv":[11.125,12.125,11.125,12.625],"rotation":0,"texture":"#0","tintindex":0}}}],"display":{"head":{"translation":[0.0,-6.4,0.0],"scale":[4.0,4.0,4.0]}}}