{"textures":{"0":"modelengine:entity/skeleton_shaman"},"elements":[{"from":[7.3408313,3.3958845,6.423191],"to":[9.055117,7.9673133,8.137477],"rotation":{"angle":22.5,"axis":"x","origin":[8.197974,5.681599,7.2803335]},"faces":{"east":{"uv":[3.0,7.125,3.375,8.125],"rotation":0,"texture":"#0","tintindex":0},"south":{"uv":[3.5,7.125,3.875,8.125],"rotation":0,"texture":"#0","tintindex":0},"north":{"uv":[2.5,7.125,2.875,8.125],"rotation":0,"texture":"#0","tintindex":0},"west":{"uv":[4.0,7.125,4.375,8.125],"rotation":0,"texture":"#0","tintindex":0},"up":{"uv":[10.625,9.875,10.25,9.5],"rotation":0,"texture":"#0","tintindex":0},"down":{"uv":[0.375,10.375,0.0,10.75],"rotation":0,"texture":"#0","tintindex":0}}}],"display":{"head":{"translation":[0.0,-6.4,0.0],"scale":[4.0,4.0,4.0]}}}