{"textures":{"0":"modelengine:entity/skeleton_shaman"},"elements":[{"from":[7.3408313,8.065181,7.67639],"to":[9.055117,10.922324,9.390676],"rotation":{"angle":0.0,"axis":"y","origin":[8.197974,9.4937525,8.533533]},"faces":{"east":{"uv":[0.625,9.125,1.0,9.75],"rotation":0,"texture":"#0","tintindex":0},"south":{"uv":[9.125,0.875,9.5,1.5],"rotation":0,"texture":"#0","tintindex":0},"north":{"uv":[7.875,9.0,8.25,9.625],"rotation":0,"texture":"#0","tintindex":0},"west":{"uv":[9.125,1.625,9.5,2.25],"rotation":0,"texture":"#0","tintindex":0},"up":{"uv":[10.75,1.875,10.375,1.5],"rotation":0,"texture":"#0","tintindex":0},"down":{"uv":[10.75,3.125,10.375,3.5],"rotation":0,"texture":"#0","tintindex":0}}},{"from":[5.6265454,6.922324,7.1049614],"to":[10.7694025,8.065181,9.962105],"rotation":{"angle":0.0,"axis":"y","origin":[8.197974,7.4937525,8.533533]},"faces":{"east":{"uv":[9.875,8.875,10.5,9.125],"rotation":0,"texture":"#0","tintindex":0},"south":{"uv":[3.25,9.0,4.375,9.25],"rotation":0,"texture":"#0","tintindex":0},"north":{"uv":[8.75,0.0,9.875,0.25],"rotation":0,"texture":"#0","tintindex":0},"west":{"uv":[10.0,0.0,10.625,0.25],"rotation":0,"texture":"#0","tintindex":0},"up":{"uv":[5.875,4.125,4.75,3.5],"rotation":0,"texture":"#0","tintindex":0},"down":{"uv":[6.125,1.25,5.0,1.875],"rotation":0,"texture":"#0","tintindex":0}}},{"from":[5.340831,6.4937525,6.8192472],"to":[11.055117,7.6366096,7.390676],"rotation":{"angle":0.0,"axis":"y","origin":[8.197974,7.0651813,7.1049614]},"faces":{"east":{"uv":[5.5,7.75,5.625,8.0],"rotation":0,"texture":"#0","tintindex":0},"south":{"uv":[5.0,2.75,6.25,3.0],"rotation":0,"texture":"#0","tintindex":0},"north":{"uv":[3.625,2.75,4.875,3.0],"rotation":0,"texture":"#0","tintindex":0},"west":{"uv":[1.25,8.375,1.375,8.625],"rotation":0,"texture":"#0","tintindex":0},"up":{"uv":[11.0,3.0,9.75,2.875],"rotation":0,"texture":"#0","tintindex":0},"down":{"uv":[11.125,9.25,9.875,9.375],"rotation":0,"texture":"#0","tintindex":0}}},{"from":[7.055117,6.4937525,5.67639],"to":[9.340832,8.208038,6.8192472],"rotation":{"angle":22.5,"axis":"x","origin":[8.197974,7.3508954,6.2478185]},"faces":{"east":{"uv":[2.125,9.75,2.375,10.125],"rotation":0,"texture":"#0","tintindex":0},"south":{"uv":[5.625,9.75,6.125,10.125],"rotation":0,"texture":"#0","tintindex":0},"north":{"uv":[5.0,9.75,5.5,10.125],"rotation":0,"texture":"#0","tintindex":0},"west":{"uv":[6.625,11.125,6.875,11.5],"rotation":0,"texture":"#0","tintindex":0},"up":{"uv":[6.5,11.125,6.0,10.875],"rotation":0,"texture":"#0","tintindex":0},"down":{"uv":[11.375,6.5,10.875,6.75],"rotation":0,"texture":"#0","tintindex":0}}},{"from":[8.900339,7.796823,5.9621043],"to":[9.471767,8.93968,7.1049614],"rotation":{"angle":-22.5,"axis":"z","origin":[9.186053,8.368252,6.533533]},"faces":{"east":{"uv":[1.5,11.5,1.75,11.75],"rotation":0,"texture":"#0","tintindex":0},"south":{"uv":[11.75,9.875,11.875,10.125],"rotation":0,"texture":"#0","tintindex":0},"north":{"uv":[11.75,9.25,11.875,9.5],"rotation":0,"texture":"#0","tintindex":0},"west":{"uv":[11.5,1.5,11.75,1.75],"rotation":0,"texture":"#0","tintindex":0},"up":{"uv":[11.875,10.5,11.75,10.25],"rotation":0,"texture":"#0","tintindex":0},"down":{"uv":[11.875,10.625,11.75,10.875],"rotation":0,"texture":"#0","tintindex":0}}},{"from":[8.977204,8.693368,5.7331524],"to":[9.548634,9.8362255,6.304581],"rotation":{"angle":-22.5,"axis":"x","origin":[9.262918,9.264797,6.0188665]},"faces":{"east":{"uv":[11.75,7.75,11.875,8.0],"rotation":0,"texture":"#0","tintindex":0},"south":{"uv":[11.75,8.5,11.875,8.75],"rotation":0,"texture":"#0","tintindex":0},"north":{"uv":[7.375,11.75,7.5,12.0],"rotation":0,"texture":"#0","tintindex":0},"west":{"uv":[11.75,8.875,11.875,9.125],"rotation":0,"texture":"#0","tintindex":0},"up":{"uv":[12.0,5.75,11.875,5.625],"rotation":0,"texture":"#0","tintindex":0},"down":{"uv":[12.0,5.875,11.875,6.0],"rotation":0,"texture":"#0","tintindex":0}}},{"from":[6.924181,7.796823,5.9621043],"to":[7.4956093,8.93968,7.1049614],"rotation":{"angle":22.5,"axis":"z","origin":[7.209895,8.368252,6.533533]},"faces":{"east":{"uv":[11.75,1.5,11.5,1.75],"rotation":0,"texture":"#0","tintindex":0},"south":{"uv":[11.875,9.875,11.75,10.125],"rotation":0,"texture":"#0","tintindex":0},"north":{"uv":[11.875,9.25,11.75,9.5],"rotation":0,"texture":"#0","tintindex":0},"west":{"uv":[1.75,11.5,1.5,11.75],"rotation":0,"texture":"#0","tintindex":0},"up":{"uv":[11.75,10.5,11.875,10.25],"rotation":0,"texture":"#0","tintindex":0},"down":{"uv":[11.75,10.625,11.875,10.875],"rotation":0,"texture":"#0","tintindex":0}}},{"from":[6.847315,8.693368,5.7331524],"to":[7.4187436,9.8362255,6.304581],"rotation":{"angle":-22.5,"axis":"x","origin":[7.1330295,9.264797,6.0188665]},"faces":{"east":{"uv":[11.875,8.875,11.75,9.125],"rotation":0,"texture":"#0","tintindex":0},"south":{"uv":[11.875,8.5,11.75,8.75],"rotation":0,"texture":"#0","tintindex":0},"north":{"uv":[7.5,11.75,7.375,12.0],"rotation":0,"texture":"#0","tintindex":0},"west":{"uv":[11.875,7.75,11.75,8.0],"rotation":0,"texture":"#0","tintindex":0},"up":{"uv":[11.875,5.75,12.0,5.625],"rotation":0,"texture":"#0","tintindex":0},"down":{"uv":[11.875,5.875,12.0,6.0],"rotation":0,"texture":"#0","tintindex":0}}},{"from":[7.3408313,5.634818,5.3918734],"to":[9.055117,6.7776747,6.5347304],"rotation":{"angle":0.0,"axis":"y","origin":[8.197974,6.2062464,5.9633017]},"faces":{"east":{"uv":[11.375,10.25,11.625,10.5],"rotation":0,"texture":"#0","tintindex":0},"south":{"uv":[11.125,8.125,11.5,8.375],"rotation":0,"texture":"#0","tintindex":0},"north":{"uv":[11.125,7.375,11.5,7.625],"rotation":0,"texture":"#0","tintindex":0},"west":{"uv":[0.0,11.5,0.25,11.75],"rotation":0,"texture":"#0","tintindex":0},"up":{"uv":[9.25,11.375,8.875,11.125],"rotation":0,"texture":"#0","tintindex":0},"down":{"uv":[11.625,0.375,11.25,0.625],"rotation":0,"texture":"#0","tintindex":0}}},{"from":[5.340831,6.4937525,9.67639],"to":[11.055117,7.6366096,10.247819],"rotation":{"angle":0.0,"axis":"y","origin":[8.197974,7.0651813,9.962105]},"faces":{"east":{"uv":[1.0,11.75,1.125,12.0],"rotation":0,"texture":"#0","tintindex":0},"south":{"uv":[8.25,3.25,9.5,3.5],"rotation":0,"texture":"#0","tintindex":0},"north":{"uv":[2.0,8.25,3.25,8.5],"rotation":0,"texture":"#0","tintindex":0},"west":{"uv":[1.25,11.75,1.375,12.0],"rotation":0,"texture":"#0","tintindex":0},"up":{"uv":[11.375,7.25,10.125,7.125],"rotation":0,"texture":"#0","tintindex":0},"down":{"uv":[11.5,4.375,10.25,4.5],"rotation":0,"texture":"#0","tintindex":0}}},{"from":[5.340831,6.4937525,7.390676],"to":[5.91226,7.6366096,9.67639],"rotation":{"angle":0.0,"axis":"y","origin":[5.6265454,7.0651813,8.533533]},"faces":{"east":{"uv":[3.625,10.625,4.125,10.875],"rotation":0,"texture":"#0","tintindex":0},"south":{"uv":[11.625,8.125,11.75,8.375],"rotation":0,"texture":"#0","tintindex":0},"north":{"uv":[4.75,9.875,4.875,10.125],"rotation":0,"texture":"#0","tintindex":0},"west":{"uv":[10.625,7.75,11.125,8.0],"rotation":0,"texture":"#0","tintindex":0},"up":{"uv":[5.625,7.625,5.5,7.125],"rotation":0,"texture":"#0","tintindex":0},"down":{"uv":[5.375,8.25,5.25,8.75],"rotation":0,"texture":"#0","tintindex":0}}},{"from":[10.483688,6.4937525,7.390676],"to":[11.055117,7.6366096,9.67639],"rotation":{"angle":0.0,"axis":"y","origin":[10.7694025,7.0651813,8.533533]},"faces":{"east":{"uv":[10.625,8.5,11.125,8.75],"rotation":0,"texture":"#0","tintindex":0},"south":{"uv":[0.75,11.75,0.875,12.0],"rotation":0,"texture":"#0","tintindex":0},"north":{"uv":[11.75,0.375,11.875,0.625],"rotation":0,"texture":"#0","tintindex":0},"west":{"uv":[10.625,8.875,11.125,9.125],"rotation":0,"texture":"#0","tintindex":0},"up":{"uv":[5.125,9.5,5.0,9.0],"rotation":0,"texture":"#0","tintindex":0},"down":{"uv":[3.125,9.5,3.0,10.0],"rotation":0,"texture":"#0","tintindex":0}}},{"from":[9.626546,8.065181,9.962105],"to":[10.7694025,9.208038,9.962105],"rotation":{"angle":0.0,"axis":"y","origin":[10.197974,8.63661,9.962105]},"faces":{"east":{"uv":[12.0,4.5,12.0,4.75],"rotation":0,"texture":"#0","tintindex":0},"south":{"uv":[11.375,3.875,11.625,4.125],"rotation":0,"texture":"#0","tintindex":0},"north":{"uv":[3.75,11.375,4.0,11.625],"rotation":0,"texture":"#0","tintindex":0},"west":{"uv":[12.0,6.125,12.0,6.375],"rotation":0,"texture":"#0","tintindex":0},"up":{"uv":[9.625,0.375,9.375,0.375],"rotation":0,"texture":"#0","tintindex":0},"down":{"uv":[10.625,6.125,10.375,6.125],"rotation":0,"texture":"#0","tintindex":0}}},{"from":[10.7694025,8.065181,7.1049614],"to":[10.7694025,9.208038,9.962105],"rotation":{"angle":0.0,"axis":"y","origin":[10.7694025,8.63661,8.533533]},"faces":{"east":{"uv":[10.0,3.625,10.625,3.875],"rotation":0,"texture":"#0","tintindex":0},"south":{"uv":[12.0,3.625,12.0,3.875],"rotation":0,"texture":"#0","tintindex":0},"north":{"uv":[2.875,12.0,2.875,12.25],"rotation":0,"texture":"#0","tintindex":0},"west":{"uv":[10.0,4.0,10.625,4.25],"rotation":0,"texture":"#0","tintindex":0},"up":{"uv":[4.125,12.625,4.125,12.0],"rotation":0,"texture":"#0","tintindex":0},"down":{"uv":[4.25,12.0,4.25,12.625],"rotation":0,"texture":"#0","tintindex":0}}},{"from":[9.626546,8.065181,7.1049614],"to":[10.7694025,9.208038,7.1049614],"rotation":{"angle":0.0,"axis":"y","origin":[10.197974,8.63661,7.1049614]},"faces":{"east":{"uv":[2.625,12.0,2.625,12.25],"rotation":0,"texture":"#0","tintindex":0},"south":{"uv":[11.375,3.5,11.625,3.75],"rotation":0,"texture":"#0","tintindex":0},"north":{"uv":[3.375,11.375,3.625,11.625],"rotation":0,"texture":"#0","tintindex":0},"west":{"uv":[2.75,12.0,2.75,12.25],"rotation":0,"texture":"#0","tintindex":0},"up":{"uv":[6.0,6.375,5.75,6.375],"rotation":0,"texture":"#0","tintindex":0},"down":{"uv":[9.375,3.125,9.125,3.125],"rotation":0,"texture":"#0","tintindex":0}}},{"from":[5.6265454,8.065181,7.1049614],"to":[6.7694025,9.208038,7.1049614],"rotation":{"angle":0.0,"axis":"y","origin":[6.197974,8.63661,7.1049614]},"faces":{"east":{"uv":[12.125,9.5,12.125,9.75],"rotation":0,"texture":"#0","tintindex":0},"south":{"uv":[11.375,9.25,11.625,9.5],"rotation":0,"texture":"#0","tintindex":0},"north":{"uv":[7.375,11.375,7.625,11.625],"rotation":0,"texture":"#0","tintindex":0},"west":{"uv":[9.625,12.125,9.625,12.375],"rotation":0,"texture":"#0","tintindex":0},"up":{"uv":[11.125,1.875,10.875,1.875],"rotation":0,"texture":"#0","tintindex":0},"down":{"uv":[11.125,3.5,10.875,3.5],"rotation":0,"texture":"#0","tintindex":0}}},{"from":[5.6265454,8.065181,7.1049614],"to":[5.6265454,9.208038,9.962105],"rotation":{"angle":0.0,"axis":"y","origin":[5.6265454,8.63661,8.533533]},"faces":{"east":{"uv":[10.125,6.75,10.75,7.0],"rotation":0,"texture":"#0","tintindex":0},"south":{"uv":[9.25,12.125,9.25,12.375],"rotation":0,"texture":"#0","tintindex":0},"north":{"uv":[12.125,9.125,12.125,9.375],"rotation":0,"texture":"#0","tintindex":0},"west":{"uv":[8.375,10.125,9.0,10.375],"rotation":0,"texture":"#0","tintindex":0},"up":{"uv":[9.375,12.75,9.375,12.125],"rotation":0,"texture":"#0","tintindex":0},"down":{"uv":[9.5,12.125,9.5,12.75],"rotation":0,"texture":"#0","tintindex":0}}},{"from":[5.6265454,8.065181,9.962105],"to":[6.7694025,9.208038,9.962105],"rotation":{"angle":0.0,"axis":"y","origin":[6.197974,8.63661,9.962105]},"faces":{"east":{"uv":[9.0,12.125,9.0,12.375],"rotation":0,"texture":"#0","tintindex":0},"south":{"uv":[11.375,6.125,11.625,6.375],"rotation":0,"texture":"#0","tintindex":0},"north":{"uv":[11.375,4.625,11.625,4.875],"rotation":0,"texture":"#0","tintindex":0},"west":{"uv":[9.125,12.125,9.125,12.375],"rotation":0,"texture":"#0","tintindex":0},"up":{"uv":[10.875,2.75,10.625,2.75],"rotation":0,"texture":"#0","tintindex":0},"down":{"uv":[7.0,10.625,6.75,10.625],"rotation":0,"texture":"#0","tintindex":0}}},{"from":[9.055117,9.350896,6.3906755],"to":[11.340832,10.4937525,6.3906755],"rotation":{"angle":0.0,"axis":"y","origin":[10.197974,9.922324,6.3906755]},"faces":{"east":{"uv":[12.125,3.0,12.125,3.25],"rotation":0,"texture":"#0","tintindex":0},"south":{"uv":[4.75,10.75,5.25,11.0],"rotation":0,"texture":"#0","tintindex":0},"north":{"uv":[10.75,4.625,11.25,4.875],"rotation":0,"texture":"#0","tintindex":0},"west":{"uv":[3.25,12.125,3.25,12.375],"rotation":0,"texture":"#0","tintindex":0},"up":{"uv":[3.875,12.125,3.375,12.125],"rotation":0,"texture":"#0","tintindex":0},"down":{"uv":[12.625,3.625,12.125,3.625],"rotation":0,"texture":"#0","tintindex":0}}},{"from":[11.340832,9.350896,6.3906755],"to":[11.340832,10.4937525,8.676391],"rotation":{"angle":0.0,"axis":"y","origin":[11.340832,9.922324,7.533533]},"faces":{"east":{"uv":[10.75,3.625,11.25,3.875],"rotation":0,"texture":"#0","tintindex":0},"south":{"uv":[1.375,12.125,1.375,12.375],"rotation":0,"texture":"#0","tintindex":0},"north":{"uv":[12.125,1.0,12.125,1.25],"rotation":0,"texture":"#0","tintindex":0},"west":{"uv":[10.75,4.0,11.25,4.25],"rotation":0,"texture":"#0","tintindex":0},"up":{"uv":[12.125,1.875,12.125,1.375],"rotation":0,"texture":"#0","tintindex":0},"down":{"uv":[12.125,2.0,12.125,2.5],"rotation":0,"texture":"#0","tintindex":0}}},{"from":[9.055117,9.350896,8.676391],"to":[11.340832,10.4937525,8.676391],"rotation":{"angle":0.0,"axis":"y","origin":[10.197974,9.922324,8.676391]},"faces":{"east":{"uv":[12.125,0.25,12.125,0.5],"rotation":0,"texture":"#0","tintindex":0},"south":{"uv":[2.0,10.75,2.5,11.0],"rotation":0,"texture":"#0","tintindex":0},"north":{"uv":[10.75,0.0,11.25,0.25],"rotation":0,"texture":"#0","tintindex":0},"west":{"uv":[12.125,0.625,12.125,0.875],"rotation":0,"texture":"#0","tintindex":0},"up":{"uv":[12.5,11.125,12.0,11.125],"rotation":0,"texture":"#0","tintindex":0},"down":{"uv":[1.25,12.125,0.75,12.125],"rotation":0,"texture":"#0","tintindex":0}}},{"from":[5.0551167,9.350896,8.676391],"to":[7.3408313,10.4937525,8.676391],"rotation":{"angle":0.0,"axis":"y","origin":[6.197974,9.922324,8.676391]},"faces":{"east":{"uv":[12.125,6.25,12.125,6.5],"rotation":0,"texture":"#0","tintindex":0},"south":{"uv":[1.0,10.875,1.5,11.125],"rotation":0,"texture":"#0","tintindex":0},"north":{"uv":[10.875,0.75,11.375,1.0],"rotation":0,"texture":"#0","tintindex":0},"west":{"uv":[6.375,12.125,6.375,12.375],"rotation":0,"texture":"#0","tintindex":0},"up":{"uv":[7.0,12.125,6.5,12.125],"rotation":0,"texture":"#0","tintindex":0},"down":{"uv":[12.625,6.625,12.125,6.625],"rotation":0,"texture":"#0","tintindex":0}}},{"from":[5.0551167,9.350896,6.3906755],"to":[5.0551167,10.4937525,8.676391],"rotation":{"angle":0.0,"axis":"y","origin":[5.0551167,9.922324,7.533533]},"faces":{"east":{"uv":[10.75,9.5,11.25,9.75],"rotation":0,"texture":"#0","tintindex":0},"south":{"uv":[5.625,12.125,5.625,12.375],"rotation":0,"texture":"#0","tintindex":0},"north":{"uv":[5.5,12.125,5.5,12.375],"rotation":0,"texture":"#0","tintindex":0},"west":{"uv":[10.75,10.5,11.25,10.75],"rotation":0,"texture":"#0","tintindex":0},"up":{"uv":[12.125,6.125,12.125,5.625],"rotation":0,"texture":"#0","tintindex":0},"down":{"uv":[5.75,12.125,5.75,12.625],"rotation":0,"texture":"#0","tintindex":0}}},{"from":[5.0551167,9.350896,6.3906755],"to":[7.3408313,10.4937525,6.3906755],"rotation":{"angle":0.0,"axis":"y","origin":[6.197974,9.922324,6.3906755]},"faces":{"east":{"uv":[5.25,12.125,5.25,12.375],"rotation":0,"texture":"#0","tintindex":0},"south":{"uv":[8.875,10.75,9.375,11.0],"rotation":0,"texture":"#0","tintindex":0},"north":{"uv":[6.75,10.75,7.25,11.0],"rotation":0,"texture":"#0","tintindex":0},"west":{"uv":[5.375,12.125,5.375,12.375],"rotation":0,"texture":"#0","tintindex":0},"up":{"uv":[12.625,3.75,12.125,3.75],"rotation":0,"texture":"#0","tintindex":0},"down":{"uv":[12.625,3.875,12.125,3.875],"rotation":0,"texture":"#0","tintindex":0}}}],"display":{"head":{"translation":[0.0,-6.4,0.0],"scale":[4.0,4.0,4.0]}}}