{"textures":{"0":"modelengine:entity/shadow_fx"},"elements":[{"from":[-9.6,6.4,-9.6],"to":[25.6,6.4,25.6],"rotation":{"angle":0.0,"axis":"y","origin":[8.0,8.6,8.0]},"faces":{"east":{"uv":[5.5625,9.5625,11.0625,9.5625],"rotation":0,"texture":"#0","tintindex":0},"south":{"uv":[5.5625,9.625,11.0625,9.625],"rotation":0,"texture":"#0","tintindex":0},"north":{"uv":[5.5625,9.5,11.0625,9.5],"rotation":0,"texture":"#0","tintindex":0},"west":{"uv":[5.5625,9.6875,11.0625,9.6875],"rotation":0,"texture":"#0","tintindex":0},"up":{"uv":[5.5,5.5,0.0,0.0],"rotation":0,"texture":"#0","tintindex":0},"down":{"uv":[5.5,0.0,0.0,5.5],"rotation":0,"texture":"#0","tintindex":0}}}],"display":{"head":{"translation":[0.0,-6.4,0.0],"scale":[4.0,4.0,4.0]}}}