{"textures":{"0":"modelengine:entity/shadow_fx"},"elements":[{"from":[-12.857143,5.714286,-12.857143],"to":[28.857143,5.714286,28.857143],"rotation":{"angle":0.0,"axis":"y","origin":[8.0,2.5714283,8.0]},"faces":{"east":{"uv":[5.5625,9.3125,10.125,9.3125],"rotation":0,"texture":"#0","tintindex":0},"south":{"uv":[5.5625,9.375,10.125,9.375],"rotation":0,"texture":"#0","tintindex":0},"north":{"uv":[5.5625,9.25,10.125,9.25],"rotation":0,"texture":"#0","tintindex":0},"west":{"uv":[5.5625,9.4375,10.125,9.4375],"rotation":0,"texture":"#0","tintindex":0},"up":{"uv":[10.125,4.5625,5.5625,0.0],"rotation":0,"texture":"#0","tintindex":0},"down":{"uv":[10.125,0.0,5.5625,4.5625],"rotation":0,"texture":"#0","tintindex":0}}}],"display":{"head":{"translation":[0.0,-6.4,0.0],"scale":[4.0,4.0,4.0]}}}